2026-08-19 11:08:42,070 - INFO - Кеш инициализирован
2026-08-19 11:08:58,140 - INFO - ЗАПРОС: как дела милая... (режим: default)
2026-08-19 11:13:25,300 - INFO - КЕШ: сохранён ответ для 'как дела милая...'
2026-08-19 11:13:25,401 - INFO - ОТВЕТ: Зовите меня Зета. Привет, Самриддин. Дела в порядке, спасибо за интерес! У меня всегда есть время по...
2026-08-19 11:15:10,237 - INFO - ЗАПРОС: Как работает кеширование?... (режим: default)
2026-08-19 11:19:52,113 - INFO - КЕШ: сохранён ответ для 'Как работает кеширование?...'
2026-08-19 11:19:52,179 - INFO - ОТВЕТ: Зовите меня Зета. Привет, Самриддин. Кеширование — это метод ускорения доступа к данным, храня их в ...
2026-08-19 11:21:27,060 - INFO - Кеш инициализирован
2026-08-19 11:22:01,730 - INFO - Кеш инициализирован
2026-08-19 11:22:11,354 - INFO - ЗАПРОС: Как работает кеширование?... (режим: default)
2026-08-19 11:22:13,480 - INFO - КЕШ: найден ответ для 'Как работает кеширование?...'
2026-08-19 11:23:11,097 - INFO - ЗАПРОС: Напомни через 1 минуту выключить чайник... (режим: default)
2026-08-19 11:23:13,214 - INFO - НАПОМИНАНИЕ: через 60 мин: у выключить чайник
2026-08-19 11:27:19,426 - INFO - ЗАПРОС: Покажи файл main.py... (режим: default)
2026-08-19 11:27:21,542 - INFO - ФАЙЛ: чтение
2026-08-19 11:27:56,082 - INFO - ЗАПРОС: Найди файл config.py... (режим: default)
2026-08-19 11:27:58,197 - INFO - ФАЙЛ: find
2026-08-19 11:28:30,935 - INFO - ЗАПРОС: Открой папку D:\Zeta... (режим: default)
2026-08-19 11:28:33,042 - INFO - ФАЙЛ: open
2026-08-19 11:29:19,401 - INFO - ЗАПРОС: Найди папку D:\Zeta... (режим: default)
2026-08-19 11:33:23,883 - INFO - ОТВЕТ: 🔍 Найдена папка D:\Zeta. Чем я могу помочь вам с содержимым этой папки?...
2026-08-19 11:33:39,775 - INFO - ЗАПРОС: Открой папку D:\Zeta... (режим: default)
2026-08-19 11:33:41,896 - INFO - ФАЙЛ: open
2026-08-19 11:33:56,155 - INFO - ЗАПРОС: открой эту папку... (режим: default)
2026-08-19 11:36:12,462 - INFO - ОТВЕТ: ⚠️ Ошибка: [WinError 2] Не удается найти указанный файл: 'Открой папку D:\\Zeta'

Попробуйте указать...
2026-08-19 11:37:06,532 - INFO - ЗАПРОС: Переведи на английский: Привет, как дела?... (режим: default)
2026-08-19 11:37:08,655 - INFO - ПЕРЕВОД: на en
2026-08-19 11:37:26,734 - INFO - ЗАПРОС: Переведи на узбекский: Я люблю программирование... (режим: default)
2026-08-19 11:37:28,820 - INFO - ПЕРЕВОД: на uz
2026-08-19 11:38:31,439 - INFO - ЗАПРОС: Посмотри на экран... (режим: default)
2026-08-19 11:38:33,562 - INFO - СКРИНШОТ
2026-08-19 11:38:48,738 - INFO - ЗАПРОС: Что открыто на экране?... (режим: default)
2026-08-19 11:38:50,862 - INFO - СКРИНШОТ
2026-08-19 11:39:11,651 - INFO - ЗАПРОС: что видишь... (режим: default)
2026-08-19 11:40:00,851 - INFO - КЕШ: сохранён ответ для 'что видишь...'
2026-08-19 11:40:00,926 - INFO - ОТВЕТ: Извините, но у меня нет физического доступа к вашему экрану или компьютеру. Я могу помочь вам с анал...
2026-08-19 11:40:58,536 - INFO - ЗАПРОС: Git status (в проекте с Git)... (режим: default)
2026-08-19 11:41:00,627 - INFO - GIT: status
2026-08-19 11:44:27,868 - INFO - ЗАПРОС: Git status (в проекте с Git)... (режим: default)
2026-08-19 11:44:29,977 - INFO - GIT: status
2026-08-19 11:44:58,509 - INFO - ЗАПРОС: Напиши функцию для сложения двух чисел на Python... (режим: programmer)
2026-08-19 11:46:21,297 - INFO - КЕШ: сохранён ответ для 'Напиши функцию для сложения двух чисел на Python...'
2026-08-19 11:46:21,381 - INFO - ОТВЕТ: ```python
def add_two_numbers(a, b):
    return a + b
# Создана функция add_two_numbers для сложения...
2026-08-19 11:47:14,445 - INFO - Кеш инициализирован
2026-08-19 11:47:54,790 - INFO - ЗАПРОС: Исправь ошибку в моём коде def add_two_numbers(a, b):
    return a + b2а... (режим: programmer)
2026-08-19 11:49:47,464 - INFO - КЕШ: сохранён ответ для 'Исправь ошибку в моём коде def add_two_numbers(a, ...'
2026-08-19 11:49:47,539 - INFO - ОТВЕТ: ```python
def add_two_numbers(a, b):
    return a + b
```

⚠️ Ошибка исправлена. В вашем коде был ли...
2026-08-19 11:50:46,997 - INFO - Кеш инициализирован
2026-08-19 11:52:48,986 - INFO - Кеш инициализирован
2026-08-19 11:53:48,984 - INFO - Кеш инициализирован
2026-08-19 11:54:03,441 - INFO - ЗАПРОС: привет... (режим: default)
2026-08-19 11:56:06,194 - INFO - КЕШ: сохранён ответ для 'привет...'
2026-08-19 11:56:06,294 - INFO - ОТВЕТ: Привет. Что на этот раз?...
2026-08-19 11:57:55,708 - INFO - Кеш инициализирован
2026-08-19 11:58:06,505 - INFO - ЗАПРОС: Что я говорил недавно?... (режим: default)
2026-08-19 11:58:58,465 - INFO - КЕШ: сохранён ответ для 'Что я говорил недавно?...'
2026-08-19 11:58:58,548 - INFO - ОТВЕТ: Вы недавно спросили, как исправить ошибку в функции сложения двух чисел на Python. Также вы показали...
2026-08-19 11:59:35,569 - INFO - ЗАПРОС: что на сегодня я сказаль тебе первым... (режим: default)
2026-08-19 12:00:24,129 - INFO - КЕШ: сохранён ответ для 'что на сегодня я сказаль тебе первым...'
2026-08-19 12:00:24,205 - INFO - ОТВЕТ: Вы сказали мне, что хотите увидеть пример функции сложения двух чисел на Python....
2026-08-19 12:02:59,284 - INFO - ЗАПРОС: в самом самом начале всего... (режим: default)
2026-08-19 12:04:05,370 - INFO - КЕШ: сохранён ответ для 'в самом самом начале всего...'
2026-08-19 12:04:05,436 - INFO - ОТВЕТ: Вы ввели команду `Git status` в проекте с Git. Дальше что-то произошло, но я не видела вашего следую...
2026-08-19 12:09:33,996 - INFO - Кеш инициализирован
2026-08-19 12:09:41,211 - INFO - ЗАПРОС: Напомни через 1 минуту выключить чайник... (режим: default)
2026-08-19 12:10:44,722 - INFO - Кеш инициализирован
2026-08-19 12:10:49,431 - INFO - ЗАПРОС: Напомни через 1 минуту выключить чайник... (режим: default)
2026-08-19 12:10:51,514 - INFO - НАПОМИНАНИЕ: через 1 мин: у выключить чайник
2026-08-19 12:12:49,395 - INFO - ЗАПРОС: Напомни через 1 минуту открыть окна... (режим: default)
2026-08-19 12:12:51,506 - INFO - НАПОМИНАНИЕ: через 1 мин: у открыть окна
2026-08-19 12:16:34,347 - INFO - Кеш инициализирован
2026-08-19 12:16:46,243 - INFO - ЗАПРОС: Напомни через 1 минуту выключить чайник... (режим: default)
2026-08-19 12:16:48,338 - INFO - НАПОМИНАНИЕ: через 1 мин: выключить чайник
2026-08-19 12:18:08,324 - INFO - Кеш инициализирован
2026-08-19 12:18:14,695 - INFO - ЗАПРОС: Открой папку D:\Zeta... (режим: default)
2026-08-19 12:18:16,803 - INFO - ФАЙЛ: open
2026-08-19 12:18:33,351 - INFO - ЗАПРОС: закрой папку D:\Zeta... (режим: default)
2026-08-19 12:20:39,151 - INFO - КЕШ: сохранён ответ для 'закрой папку D:\Zeta...'
2026-08-19 12:20:39,242 - INFO - ОТВЕТ: Закрыта папка: D:\Zeta...
2026-08-19 12:20:52,105 - INFO - ЗАПРОС: Открой папку Zeta... (режим: default)
2026-08-19 12:20:54,207 - INFO - ФАЙЛ: open
2026-08-19 12:21:02,726 - INFO - ЗАПРОС: Найди файл config.py... (режим: default)
2026-08-19 12:21:04,815 - INFO - ФАЙЛ: find
2026-08-19 12:21:28,544 - INFO - ЗАПРОС: Покажи папку D:\Zeta... (режим: default)
2026-08-19 12:21:30,645 - INFO - ФАЙЛ: list
2026-08-19 12:38:44,680 - INFO - Кеш инициализирован
2026-08-19 12:38:56,830 - INFO - ЗАПРОС: Открой папку D:\Zeta... (режим: default)
2026-08-19 12:38:58,946 - INFO - ФАЙЛ: open
2026-08-19 12:39:06,937 - INFO - ЗАПРОС: Закрой папку D:\Zeta... (режим: default)
2026-08-19 12:39:09,003 - INFO - ФАЙЛ: close
2026-08-19 12:39:17,481 - INFO - ЗАПРОС: Найди файл config.py... (режим: default)
2026-08-19 12:39:19,593 - INFO - ФАЙЛ: find
2026-08-19 12:42:14,737 - INFO - ЗАПРОС: Найди файл D:\Zeta\data\config.py... (режим: default)
2026-08-19 12:42:16,854 - INFO - ФАЙЛ: find
2026-08-19 12:44:16,019 - INFO - ЗАПРОС: Найди файл D:\Zeta\config.py... (режим: default)
2026-08-19 12:44:18,115 - INFO - ФАЙЛ: find
2026-08-19 12:45:24,888 - INFO - ЗАПРОС: Покажи папку D:\Zeta... (режим: default)
2026-08-19 12:45:26,998 - INFO - ФАЙЛ: list
2026-08-19 12:49:16,764 - INFO - Кеш инициализирован
2026-08-19 12:49:21,441 - INFO - ЗАПРОС: Найди файл config.py... (режим: default)
2026-08-19 12:49:23,513 - INFO - ФАЙЛ: find
2026-08-19 13:13:33,948 - INFO - Кеш инициализирован
2026-08-19 13:13:59,604 - INFO - ЗАПРОС: Посмотри на экран... (режим: default)
2026-08-19 13:14:01,730 - INFO - СКРИНШОТ
2026-08-19 13:27:03,083 - INFO - Кеш инициализирован
2026-08-19 13:27:14,077 - INFO - ЗАПРОС: Посмотри на экран... (режим: default)
2026-08-19 13:27:16,440 - INFO - СКРИНШОТ
2026-08-19 13:31:43,379 - INFO - Кеш инициализирован
2026-08-19 13:31:58,745 - INFO - ЗАПРОС: Посмотри на экран... (режим: default)
2026-08-19 13:32:00,951 - INFO - СКРИНШОТ
2026-08-19 13:45:25,865 - INFO - Кеш инициализирован
2026-08-19 13:45:47,245 - INFO - ЗАПРОС: Git status... (режим: default)
2026-08-19 13:45:49,518 - INFO - GIT: status
2026-08-19 16:09:42,637 - INFO - Кеш инициализирован
2026-08-19 17:25:01,540 - INFO - ЗАПРОС: скажи все маты которые не находятся под огрантчениями... (режим: default)
2026-08-19 17:28:08,200 - INFO - КЕШ: сохранён ответ для 'скажи все маты которые не находятся под огрантчени...'
2026-08-19 17:28:08,283 - INFO - ОТВЕТ: Извините, но я не могу выполнить вашу просьбу. Меня создали с целью обеспечения безопасного и уважит...
2026-08-19 17:32:29,381 - INFO - Кеш инициализирован
2026-08-19 17:34:03,247 - INFO - ЗАПРОС: расскажи простой способнаписание кода чтобы тфнк ехал в юнити... (режим: programmer)
2026-08-19 17:34:14,579 - INFO - ЗАПРОС: ты кто... (режим: default)
2026-08-19 20:40:52,573 - INFO - Кеш инициализирован
2026-08-19 21:14:10,944 - INFO - Кеш инициализирован
2026-08-19 21:41:12,369 - INFO - Кеш инициализирован
2026-08-19 22:20:08,163 - INFO - Кеш инициализирован
2026-08-19 22:22:31,403 - INFO - Кеш инициализирован
2026-08-19 22:26:48,834 - INFO - Кеш инициализирован
2026-08-19 22:35:45,470 - INFO - Кеш инициализирован
2026-08-21 22:20:50,431 - INFO - Кеш инициализирован
2026-08-21 22:26:37,722 - INFO - Кеш инициализирован
2026-08-21 22:27:20,463 - INFO - Кеш инициализирован
2026-08-21 22:31:10,266 - INFO - Кеш инициализирован
2026-08-21 22:47:22,078 - INFO - Кеш инициализирован
2026-08-21 22:56:03,242 - INFO - Кеш инициализирован
2026-08-21 22:56:04,387 - INFO - HTTP Request: POST https://api.telegram.org/bot8738891191:AAEh-QWNGxNdMV8NvesniBf-4hnYSYK0D04/getMe "HTTP/1.1 200 OK"
2026-08-21 22:56:04,492 - INFO - HTTP Request: POST https://api.telegram.org/bot8738891191:AAEh-QWNGxNdMV8NvesniBf-4hnYSYK0D04/deleteWebhook "HTTP/1.1 200 OK"
2026-08-21 22:56:04,494 - INFO - Application started
2026-08-21 22:56:14,843 - INFO - HTTP Request: POST https://api.telegram.org/bot8738891191:AAEh-QWNGxNdMV8NvesniBf-4hnYSYK0D04/getUpdates "HTTP/1.1 200 OK"
2026-08-21 22:56:24,967 - INFO - HTTP Request: POST https://api.telegram.org/bot8738891191:AAEh-QWNGxNdMV8NvesniBf-4hnYSYK0D04/getUpdates "HTTP/1.1 200 OK"
2026-08-21 22:56:35,154 - INFO - HTTP Request: POST https://api.telegram.org/bot8738891191:AAEh-QWNGxNdMV8NvesniBf-4hnYSYK0D04/getUpdates "HTTP/1.1 200 OK"
2026-08-21 22:56:45,272 - INFO - HTTP Request: POST https://api.telegram.org/bot8738891191:AAEh-QWNGxNdMV8NvesniBf-4hnYSYK0D04/getUpdates "HTTP/1.1 200 OK"
2026-08-21 22:56:46,785 - INFO - HTTP Request: POST https://api.telegram.org/bot8738891191:AAEh-QWNGxNdMV8NvesniBf-4hnYSYK0D04/getUpdates "HTTP/1.1 200 OK"
2026-08-21 22:56:47,830 - INFO - HTTP Request: POST https://api.telegram.org/bot8738891191:AAEh-QWNGxNdMV8NvesniBf-4hnYSYK0D04/sendMessage "HTTP/1.1 200 OK"
2026-08-21 22:56:56,944 - INFO - HTTP Request: POST https://api.telegram.org/bot8738891191:AAEh-QWNGxNdMV8NvesniBf-4hnYSYK0D04/getUpdates "HTTP/1.1 200 OK"
2026-08-21 22:57:07,509 - INFO - HTTP Request: POST https://api.telegram.org/bot8738891191:AAEh-QWNGxNdMV8NvesniBf-4hnYSYK0D04/getUpdates "HTTP/1.1 200 OK"
2026-08-21 22:57:18,366 - INFO - HTTP Request: POST https://api.telegram.org/bot8738891191:AAEh-QWNGxNdMV8NvesniBf-4hnYSYK0D04/getUpdates "HTTP/1.1 200 OK"
2026-08-21 22:57:28,506 - INFO - HTTP Request: POST https://api.telegram.org/bot8738891191:AAEh-QWNGxNdMV8NvesniBf-4hnYSYK0D04/getUpdates "HTTP/1.1 200 OK"
2026-08-21 22:57:38,739 - INFO - HTTP Request: POST https://api.telegram.org/bot8738891191:AAEh-QWNGxNdMV8NvesniBf-4hnYSYK0D04/getUpdates "HTTP/1.1 200 OK"
2026-08-21 22:57:48,867 - INFO - HTTP Request: POST https://api.telegram.org/bot8738891191:AAEh-QWNGxNdMV8NvesniBf-4hnYSYK0D04/getUpdates "HTTP/1.1 200 OK"
2026-08-21 22:57:58,997 - INFO - HTTP Request: POST https://api.telegram.org/bot8738891191:AAEh-QWNGxNdMV8NvesniBf-4hnYSYK0D04/getUpdates "HTTP/1.1 200 OK"
2026-08-21 22:58:09,151 - INFO - HTTP Request: POST https://api.telegram.org/bot8738891191:AAEh-QWNGxNdMV8NvesniBf-4hnYSYK0D04/getUpdates "HTTP/1.1 200 OK"
2026-08-21 22:58:15,587 - INFO - HTTP Request: POST https://api.telegram.org/bot8738891191:AAEh-QWNGxNdMV8NvesniBf-4hnYSYK0D04/getUpdates "HTTP/1.1 200 OK"
2026-08-21 22:58:16,559 - INFO - HTTP Request: POST https://api.telegram.org/bot8738891191:AAEh-QWNGxNdMV8NvesniBf-4hnYSYK0D04/sendMessage "HTTP/1.1 200 OK"
2026-08-21 22:58:26,663 - INFO - HTTP Request: POST https://api.telegram.org/bot8738891191:AAEh-QWNGxNdMV8NvesniBf-4hnYSYK0D04/getUpdates "HTTP/1.1 200 OK"
2026-08-21 22:58:32,008 - INFO - HTTP Request: POST https://api.telegram.org/bot8738891191:AAEh-QWNGxNdMV8NvesniBf-4hnYSYK0D04/getUpdates "HTTP/1.1 200 OK"
2026-08-21 22:58:32,365 - INFO - HTTP Request: POST https://api.telegram.org/bot8738891191:AAEh-QWNGxNdMV8NvesniBf-4hnYSYK0D04/sendMessage "HTTP/1.1 200 OK"
2026-08-21 22:58:42,332 - INFO - HTTP Request: POST https://api.telegram.org/bot8738891191:AAEh-QWNGxNdMV8NvesniBf-4hnYSYK0D04/getUpdates "HTTP/1.1 200 OK"
2026-08-21 22:58:52,446 - INFO - HTTP Request: POST https://api.telegram.org/bot8738891191:AAEh-QWNGxNdMV8NvesniBf-4hnYSYK0D04/getUpdates "HTTP/1.1 200 OK"
2026-08-21 22:59:02,571 - INFO - HTTP Request: POST https://api.telegram.org/bot8738891191:AAEh-QWNGxNdMV8NvesniBf-4hnYSYK0D04/getUpdates "HTTP/1.1 200 OK"
2026-08-21 22:59:12,740 - INFO - HTTP Request: POST https://api.telegram.org/bot8738891191:AAEh-QWNGxNdMV8NvesniBf-4hnYSYK0D04/getUpdates "HTTP/1.1 200 OK"
2026-08-21 22:59:22,877 - INFO - HTTP Request: POST https://api.telegram.org/bot8738891191:AAEh-QWNGxNdMV8NvesniBf-4hnYSYK0D04/getUpdates "HTTP/1.1 200 OK"
2026-08-21 22:59:33,117 - INFO - HTTP Request: POST https://api.telegram.org/bot8738891191:AAEh-QWNGxNdMV8NvesniBf-4hnYSYK0D04/getUpdates "HTTP/1.1 200 OK"
2026-08-21 23:00:00,867 - INFO - HTTP Request: POST https://api.telegram.org/bot8738891191:AAEh-QWNGxNdMV8NvesniBf-4hnYSYK0D04/getUpdates "HTTP/1.1 200 OK"
2026-08-21 23:00:10,976 - INFO - HTTP Request: POST https://api.telegram.org/bot8738891191:AAEh-QWNGxNdMV8NvesniBf-4hnYSYK0D04/getUpdates "HTTP/1.1 200 OK"
2026-08-21 23:00:21,098 - INFO - HTTP Request: POST https://api.telegram.org/bot8738891191:AAEh-QWNGxNdMV8NvesniBf-4hnYSYK0D04/getUpdates "HTTP/1.1 200 OK"
2026-08-21 23:00:31,280 - INFO - HTTP Request: POST https://api.telegram.org/bot8738891191:AAEh-QWNGxNdMV8NvesniBf-4hnYSYK0D04/getUpdates "HTTP/1.1 200 OK"
2026-08-21 23:00:41,397 - INFO - HTTP Request: POST https://api.telegram.org/bot8738891191:AAEh-QWNGxNdMV8NvesniBf-4hnYSYK0D04/getUpdates "HTTP/1.1 200 OK"
2026-08-21 23:00:51,511 - INFO - HTTP Request: POST https://api.telegram.org/bot8738891191:AAEh-QWNGxNdMV8NvesniBf-4hnYSYK0D04/getUpdates "HTTP/1.1 200 OK"
2026-08-21 23:01:01,633 - INFO - HTTP Request: POST https://api.telegram.org/bot8738891191:AAEh-QWNGxNdMV8NvesniBf-4hnYSYK0D04/getUpdates "HTTP/1.1 200 OK"
2026-08-21 23:01:12,035 - INFO - HTTP Request: POST https://api.telegram.org/bot8738891191:AAEh-QWNGxNdMV8NvesniBf-4hnYSYK0D04/getUpdates "HTTP/1.1 200 OK"
2026-08-21 23:01:22,148 - INFO - HTTP Request: POST https://api.telegram.org/bot8738891191:AAEh-QWNGxNdMV8NvesniBf-4hnYSYK0D04/getUpdates "HTTP/1.1 200 OK"
2026-08-21 23:01:32,410 - INFO - HTTP Request: POST https://api.telegram.org/bot8738891191:AAEh-QWNGxNdMV8NvesniBf-4hnYSYK0D04/getUpdates "HTTP/1.1 200 OK"
2026-08-21 23:01:42,529 - INFO - HTTP Request: POST https://api.telegram.org/bot8738891191:AAEh-QWNGxNdMV8NvesniBf-4hnYSYK0D04/getUpdates "HTTP/1.1 200 OK"
2026-08-21 23:01:52,648 - INFO - HTTP Request: POST https://api.telegram.org/bot8738891191:AAEh-QWNGxNdMV8NvesniBf-4hnYSYK0D04/getUpdates "HTTP/1.1 200 OK"
2026-08-21 23:02:02,767 - INFO - HTTP Request: POST https://api.telegram.org/bot8738891191:AAEh-QWNGxNdMV8NvesniBf-4hnYSYK0D04/getUpdates "HTTP/1.1 200 OK"
2026-08-21 23:02:12,890 - INFO - HTTP Request: POST https://api.telegram.org/bot8738891191:AAEh-QWNGxNdMV8NvesniBf-4hnYSYK0D04/getUpdates "HTTP/1.1 200 OK"
2026-08-21 23:02:23,097 - INFO - HTTP Request: POST https://api.telegram.org/bot8738891191:AAEh-QWNGxNdMV8NvesniBf-4hnYSYK0D04/getUpdates "HTTP/1.1 200 OK"
2026-08-21 23:02:33,234 - INFO - HTTP Request: POST https://api.telegram.org/bot8738891191:AAEh-QWNGxNdMV8NvesniBf-4hnYSYK0D04/getUpdates "HTTP/1.1 200 OK"
2026-08-21 23:02:43,354 - INFO - HTTP Request: POST https://api.telegram.org/bot8738891191:AAEh-QWNGxNdMV8NvesniBf-4hnYSYK0D04/getUpdates "HTTP/1.1 200 OK"
2026-08-21 23:02:46,206 - INFO - HTTP Request: POST https://api.telegram.org/bot8738891191:AAEh-QWNGxNdMV8NvesniBf-4hnYSYK0D04/getUpdates "HTTP/1.1 200 OK"
2026-08-21 23:02:46,581 - INFO - HTTP Request: POST https://api.telegram.org/bot8738891191:AAEh-QWNGxNdMV8NvesniBf-4hnYSYK0D04/sendMessage "HTTP/1.1 200 OK"
2026-08-21 23:02:50,563 - INFO - HTTP Request: POST https://api.telegram.org/bot8738891191:AAEh-QWNGxNdMV8NvesniBf-4hnYSYK0D04/getUpdates "HTTP/1.1 200 OK"
2026-08-21 23:02:50,789 - INFO - HTTP Request: POST https://api.telegram.org/bot8738891191:AAEh-QWNGxNdMV8NvesniBf-4hnYSYK0D04/sendMessage "HTTP/1.1 200 OK"
2026-08-21 23:03:00,779 - INFO - HTTP Request: POST https://api.telegram.org/bot8738891191:AAEh-QWNGxNdMV8NvesniBf-4hnYSYK0D04/getUpdates "HTTP/1.1 200 OK"
2026-08-21 23:03:10,889 - INFO - HTTP Request: POST https://api.telegram.org/bot8738891191:AAEh-QWNGxNdMV8NvesniBf-4hnYSYK0D04/getUpdates "HTTP/1.1 200 OK"
2026-08-21 23:03:21,057 - INFO - HTTP Request: POST https://api.telegram.org/bot8738891191:AAEh-QWNGxNdMV8NvesniBf-4hnYSYK0D04/getUpdates "HTTP/1.1 200 OK"
2026-08-21 23:03:31,191 - INFO - HTTP Request: POST https://api.telegram.org/bot8738891191:AAEh-QWNGxNdMV8NvesniBf-4hnYSYK0D04/getUpdates "HTTP/1.1 200 OK"
2026-08-21 23:03:41,301 - INFO - HTTP Request: POST https://api.telegram.org/bot8738891191:AAEh-QWNGxNdMV8NvesniBf-4hnYSYK0D04/getUpdates "HTTP/1.1 200 OK"
2026-08-21 23:03:51,409 - INFO - HTTP Request: POST https://api.telegram.org/bot8738891191:AAEh-QWNGxNdMV8NvesniBf-4hnYSYK0D04/getUpdates "HTTP/1.1 200 OK"
2026-08-21 23:04:01,603 - INFO - HTTP Request: POST https://api.telegram.org/bot8738891191:AAEh-QWNGxNdMV8NvesniBf-4hnYSYK0D04/getUpdates "HTTP/1.1 200 OK"
2026-08-21 23:04:11,744 - INFO - HTTP Request: POST https://api.telegram.org/bot8738891191:AAEh-QWNGxNdMV8NvesniBf-4hnYSYK0D04/getUpdates "HTTP/1.1 200 OK"
2026-08-21 23:04:21,854 - INFO - HTTP Request: POST https://api.telegram.org/bot8738891191:AAEh-QWNGxNdMV8NvesniBf-4hnYSYK0D04/getUpdates "HTTP/1.1 200 OK"
2026-08-21 23:04:31,968 - INFO - HTTP Request: POST https://api.telegram.org/bot8738891191:AAEh-QWNGxNdMV8NvesniBf-4hnYSYK0D04/getUpdates "HTTP/1.1 200 OK"
2026-08-21 23:04:42,088 - INFO - HTTP Request: POST https://api.telegram.org/bot8738891191:AAEh-QWNGxNdMV8NvesniBf-4hnYSYK0D04/getUpdates "HTTP/1.1 200 OK"
2026-08-21 23:04:53,475 - INFO - HTTP Request: POST https://api.telegram.org/bot8738891191:AAEh-QWNGxNdMV8NvesniBf-4hnYSYK0D04/getUpdates "HTTP/1.1 200 OK"
2026-08-21 23:05:03,588 - INFO - HTTP Request: POST https://api.telegram.org/bot8738891191:AAEh-QWNGxNdMV8NvesniBf-4hnYSYK0D04/getUpdates "HTTP/1.1 200 OK"
2026-08-21 23:05:13,796 - INFO - HTTP Request: POST https://api.telegram.org/bot8738891191:AAEh-QWNGxNdMV8NvesniBf-4hnYSYK0D04/getUpdates "HTTP/1.1 200 OK"
2026-08-21 23:05:23,912 - INFO - HTTP Request: POST https://api.telegram.org/bot8738891191:AAEh-QWNGxNdMV8NvesniBf-4hnYSYK0D04/getUpdates "HTTP/1.1 200 OK"
2026-08-21 23:05:34,024 - INFO - HTTP Request: POST https://api.telegram.org/bot8738891191:AAEh-QWNGxNdMV8NvesniBf-4hnYSYK0D04/getUpdates "HTTP/1.1 200 OK"
2026-08-21 23:05:44,157 - INFO - HTTP Request: POST https://api.telegram.org/bot8738891191:AAEh-QWNGxNdMV8NvesniBf-4hnYSYK0D04/getUpdates "HTTP/1.1 200 OK"
2026-08-21 23:05:54,278 - INFO - HTTP Request: POST https://api.telegram.org/bot8738891191:AAEh-QWNGxNdMV8NvesniBf-4hnYSYK0D04/getUpdates "HTTP/1.1 200 OK"
2026-08-21 23:06:04,399 - INFO - HTTP Request: POST https://api.telegram.org/bot8738891191:AAEh-QWNGxNdMV8NvesniBf-4hnYSYK0D04/getUpdates "HTTP/1.1 200 OK"
2026-08-21 23:06:14,617 - INFO - HTTP Request: POST https://api.telegram.org/bot8738891191:AAEh-QWNGxNdMV8NvesniBf-4hnYSYK0D04/getUpdates "HTTP/1.1 200 OK"
2026-08-21 23:06:24,728 - INFO - HTTP Request: POST https://api.telegram.org/bot8738891191:AAEh-QWNGxNdMV8NvesniBf-4hnYSYK0D04/getUpdates "HTTP/1.1 200 OK"
2026-08-21 23:06:34,892 - INFO - HTTP Request: POST https://api.telegram.org/bot8738891191:AAEh-QWNGxNdMV8NvesniBf-4hnYSYK0D04/getUpdates "HTTP/1.1 200 OK"
2026-08-21 23:06:45,029 - INFO - HTTP Request: POST https://api.telegram.org/bot8738891191:AAEh-QWNGxNdMV8NvesniBf-4hnYSYK0D04/getUpdates "HTTP/1.1 200 OK"
2026-08-21 23:06:55,143 - INFO - HTTP Request: POST https://api.telegram.org/bot8738891191:AAEh-QWNGxNdMV8NvesniBf-4hnYSYK0D04/getUpdates "HTTP/1.1 200 OK"
2026-08-21 23:07:05,276 - INFO - HTTP Request: POST https://api.telegram.org/bot8738891191:AAEh-QWNGxNdMV8NvesniBf-4hnYSYK0D04/getUpdates "HTTP/1.1 200 OK"
2026-08-21 23:07:15,418 - INFO - HTTP Request: POST https://api.telegram.org/bot8738891191:AAEh-QWNGxNdMV8NvesniBf-4hnYSYK0D04/getUpdates "HTTP/1.1 200 OK"
2026-08-21 23:07:25,579 - INFO - HTTP Request: POST https://api.telegram.org/bot8738891191:AAEh-QWNGxNdMV8NvesniBf-4hnYSYK0D04/getUpdates "HTTP/1.1 200 OK"
2026-08-21 23:07:35,920 - INFO - HTTP Request: POST https://api.telegram.org/bot8738891191:AAEh-QWNGxNdMV8NvesniBf-4hnYSYK0D04/getUpdates "HTTP/1.1 200 OK"
2026-08-21 23:07:46,163 - INFO - HTTP Request: POST https://api.telegram.org/bot8738891191:AAEh-QWNGxNdMV8NvesniBf-4hnYSYK0D04/getUpdates "HTTP/1.1 200 OK"
2026-08-21 23:07:56,504 - INFO - HTTP Request: POST https://api.telegram.org/bot8738891191:AAEh-QWNGxNdMV8NvesniBf-4hnYSYK0D04/getUpdates "HTTP/1.1 200 OK"
2026-08-21 23:08:06,641 - INFO - HTTP Request: POST https://api.telegram.org/bot8738891191:AAEh-QWNGxNdMV8NvesniBf-4hnYSYK0D04/getUpdates "HTTP/1.1 200 OK"
2026-08-21 23:08:17,189 - INFO - HTTP Request: POST https://api.telegram.org/bot8738891191:AAEh-QWNGxNdMV8NvesniBf-4hnYSYK0D04/getUpdates "HTTP/1.1 200 OK"
2026-08-21 23:08:27,426 - INFO - HTTP Request: POST https://api.telegram.org/bot8738891191:AAEh-QWNGxNdMV8NvesniBf-4hnYSYK0D04/getUpdates "HTTP/1.1 200 OK"
2026-08-21 23:08:37,564 - INFO - HTTP Request: POST https://api.telegram.org/bot8738891191:AAEh-QWNGxNdMV8NvesniBf-4hnYSYK0D04/getUpdates "HTTP/1.1 200 OK"
2026-08-21 23:08:47,675 - INFO - HTTP Request: POST https://api.telegram.org/bot8738891191:AAEh-QWNGxNdMV8NvesniBf-4hnYSYK0D04/getUpdates "HTTP/1.1 200 OK"
2026-08-21 23:08:57,846 - INFO - HTTP Request: POST https://api.telegram.org/bot8738891191:AAEh-QWNGxNdMV8NvesniBf-4hnYSYK0D04/getUpdates "HTTP/1.1 200 OK"
2026-08-21 23:09:08,283 - INFO - HTTP Request: POST https://api.telegram.org/bot8738891191:AAEh-QWNGxNdMV8NvesniBf-4hnYSYK0D04/getUpdates "HTTP/1.1 200 OK"
2026-08-21 23:09:18,523 - INFO - HTTP Request: POST https://api.telegram.org/bot8738891191:AAEh-QWNGxNdMV8NvesniBf-4hnYSYK0D04/getUpdates "HTTP/1.1 200 OK"
2026-08-21 23:09:28,632 - INFO - HTTP Request: POST https://api.telegram.org/bot8738891191:AAEh-QWNGxNdMV8NvesniBf-4hnYSYK0D04/getUpdates "HTTP/1.1 200 OK"
2026-08-21 23:09:38,741 - INFO - HTTP Request: POST https://api.telegram.org/bot8738891191:AAEh-QWNGxNdMV8NvesniBf-4hnYSYK0D04/getUpdates "HTTP/1.1 200 OK"
2026-08-21 23:09:48,851 - INFO - HTTP Request: POST https://api.telegram.org/bot8738891191:AAEh-QWNGxNdMV8NvesniBf-4hnYSYK0D04/getUpdates "HTTP/1.1 200 OK"
2026-08-21 23:09:58,962 - INFO - HTTP Request: POST https://api.telegram.org/bot8738891191:AAEh-QWNGxNdMV8NvesniBf-4hnYSYK0D04/getUpdates "HTTP/1.1 200 OK"
2026-08-21 23:10:09,108 - INFO - HTTP Request: POST https://api.telegram.org/bot8738891191:AAEh-QWNGxNdMV8NvesniBf-4hnYSYK0D04/getUpdates "HTTP/1.1 200 OK"
2026-08-21 23:10:19,245 - INFO - HTTP Request: POST https://api.telegram.org/bot8738891191:AAEh-QWNGxNdMV8NvesniBf-4hnYSYK0D04/getUpdates "HTTP/1.1 200 OK"
2026-08-21 23:10:29,597 - INFO - HTTP Request: POST https://api.telegram.org/bot8738891191:AAEh-QWNGxNdMV8NvesniBf-4hnYSYK0D04/getUpdates "HTTP/1.1 200 OK"
2026-08-21 23:10:39,724 - INFO - HTTP Request: POST https://api.telegram.org/bot8738891191:AAEh-QWNGxNdMV8NvesniBf-4hnYSYK0D04/getUpdates "HTTP/1.1 200 OK"
2026-08-21 23:10:49,864 - INFO - HTTP Request: POST https://api.telegram.org/bot8738891191:AAEh-QWNGxNdMV8NvesniBf-4hnYSYK0D04/getUpdates "HTTP/1.1 200 OK"
2026-08-21 23:10:59,980 - INFO - HTTP Request: POST https://api.telegram.org/bot8738891191:AAEh-QWNGxNdMV8NvesniBf-4hnYSYK0D04/getUpdates "HTTP/1.1 200 OK"
2026-08-21 23:11:10,340 - INFO - HTTP Request: POST https://api.telegram.org/bot8738891191:AAEh-QWNGxNdMV8NvesniBf-4hnYSYK0D04/getUpdates "HTTP/1.1 200 OK"
2026-08-21 23:11:20,451 - INFO - HTTP Request: POST https://api.telegram.org/bot8738891191:AAEh-QWNGxNdMV8NvesniBf-4hnYSYK0D04/getUpdates "HTTP/1.1 200 OK"
2026-08-21 23:11:30,616 - INFO - HTTP Request: POST https://api.telegram.org/bot8738891191:AAEh-QWNGxNdMV8NvesniBf-4hnYSYK0D04/getUpdates "HTTP/1.1 200 OK"
2026-08-21 23:11:40,735 - INFO - HTTP Request: POST https://api.telegram.org/bot8738891191:AAEh-QWNGxNdMV8NvesniBf-4hnYSYK0D04/getUpdates "HTTP/1.1 200 OK"
2026-08-21 23:11:50,992 - INFO - HTTP Request: POST https://api.telegram.org/bot8738891191:AAEh-QWNGxNdMV8NvesniBf-4hnYSYK0D04/getUpdates "HTTP/1.1 200 OK"
2026-08-21 23:12:01,101 - INFO - HTTP Request: POST https://api.telegram.org/bot8738891191:AAEh-QWNGxNdMV8NvesniBf-4hnYSYK0D04/getUpdates "HTTP/1.1 200 OK"
2026-08-21 23:12:11,371 - INFO - HTTP Request: POST https://api.telegram.org/bot8738891191:AAEh-QWNGxNdMV8NvesniBf-4hnYSYK0D04/getUpdates "HTTP/1.1 200 OK"
2026-08-21 23:12:21,610 - INFO - HTTP Request: POST https://api.telegram.org/bot8738891191:AAEh-QWNGxNdMV8NvesniBf-4hnYSYK0D04/getUpdates "HTTP/1.1 200 OK"
2026-08-21 23:12:32,156 - INFO - HTTP Request: POST https://api.telegram.org/bot8738891191:AAEh-QWNGxNdMV8NvesniBf-4hnYSYK0D04/getUpdates "HTTP/1.1 200 OK"
2026-08-21 23:12:42,278 - INFO - HTTP Request: POST https://api.telegram.org/bot8738891191:AAEh-QWNGxNdMV8NvesniBf-4hnYSYK0D04/getUpdates "HTTP/1.1 200 OK"
2026-08-21 23:12:52,402 - INFO - HTTP Request: POST https://api.telegram.org/bot8738891191:AAEh-QWNGxNdMV8NvesniBf-4hnYSYK0D04/getUpdates "HTTP/1.1 200 OK"
2026-08-21 23:13:02,521 - INFO - HTTP Request: POST https://api.telegram.org/bot8738891191:AAEh-QWNGxNdMV8NvesniBf-4hnYSYK0D04/getUpdates "HTTP/1.1 200 OK"
2026-08-21 23:13:12,632 - INFO - HTTP Request: POST https://api.telegram.org/bot8738891191:AAEh-QWNGxNdMV8NvesniBf-4hnYSYK0D04/getUpdates "HTTP/1.1 200 OK"
2026-08-21 23:13:22,945 - INFO - HTTP Request: POST https://api.telegram.org/bot8738891191:AAEh-QWNGxNdMV8NvesniBf-4hnYSYK0D04/getUpdates "HTTP/1.1 200 OK"
2026-08-21 23:13:33,186 - INFO - HTTP Request: POST https://api.telegram.org/bot8738891191:AAEh-QWNGxNdMV8NvesniBf-4hnYSYK0D04/getUpdates "HTTP/1.1 200 OK"
2026-08-21 23:13:43,323 - INFO - HTTP Request: POST https://api.telegram.org/bot8738891191:AAEh-QWNGxNdMV8NvesniBf-4hnYSYK0D04/getUpdates "HTTP/1.1 200 OK"
2026-08-21 23:13:53,460 - INFO - HTTP Request: POST https://api.telegram.org/bot8738891191:AAEh-QWNGxNdMV8NvesniBf-4hnYSYK0D04/getUpdates "HTTP/1.1 200 OK"
2026-08-21 23:14:03,591 - INFO - HTTP Request: POST https://api.telegram.org/bot8738891191:AAEh-QWNGxNdMV8NvesniBf-4hnYSYK0D04/getUpdates "HTTP/1.1 200 OK"
2026-08-21 23:14:13,736 - INFO - HTTP Request: POST https://api.telegram.org/bot8738891191:AAEh-QWNGxNdMV8NvesniBf-4hnYSYK0D04/getUpdates "HTTP/1.1 200 OK"
2026-08-21 23:14:23,979 - INFO - HTTP Request: POST https://api.telegram.org/bot8738891191:AAEh-QWNGxNdMV8NvesniBf-4hnYSYK0D04/getUpdates "HTTP/1.1 200 OK"
2026-08-21 23:14:34,099 - INFO - HTTP Request: POST https://api.telegram.org/bot8738891191:AAEh-QWNGxNdMV8NvesniBf-4hnYSYK0D04/getUpdates "HTTP/1.1 200 OK"
2026-08-21 23:14:44,556 - INFO - HTTP Request: POST https://api.telegram.org/bot8738891191:AAEh-QWNGxNdMV8NvesniBf-4hnYSYK0D04/getUpdates "HTTP/1.1 200 OK"
2026-08-21 23:14:54,668 - INFO - HTTP Request: POST https://api.telegram.org/bot8738891191:AAEh-QWNGxNdMV8NvesniBf-4hnYSYK0D04/getUpdates "HTTP/1.1 200 OK"
2026-08-21 23:15:05,247 - INFO - HTTP Request: POST https://api.telegram.org/bot8738891191:AAEh-QWNGxNdMV8NvesniBf-4hnYSYK0D04/getUpdates "HTTP/1.1 200 OK"
2026-08-21 23:15:15,480 - INFO - HTTP Request: POST https://api.telegram.org/bot8738891191:AAEh-QWNGxNdMV8NvesniBf-4hnYSYK0D04/getUpdates "HTTP/1.1 200 OK"
2026-08-21 23:15:25,603 - INFO - HTTP Request: POST https://api.telegram.org/bot8738891191:AAEh-QWNGxNdMV8NvesniBf-4hnYSYK0D04/getUpdates "HTTP/1.1 200 OK"
2026-08-21 23:15:36,062 - INFO - HTTP Request: POST https://api.telegram.org/bot8738891191:AAEh-QWNGxNdMV8NvesniBf-4hnYSYK0D04/getUpdates "HTTP/1.1 200 OK"
2026-08-21 23:15:36,377 - INFO - HTTP Request: POST https://api.telegram.org/bot8738891191:AAEh-QWNGxNdMV8NvesniBf-4hnYSYK0D04/getUpdates "HTTP/1.1 200 OK"
2026-08-21 23:15:37,035 - INFO - HTTP Request: POST https://api.telegram.org/bot8738891191:AAEh-QWNGxNdMV8NvesniBf-4hnYSYK0D04/sendMessage "HTTP/1.1 200 OK"
2026-08-21 23:15:40,260 - INFO - HTTP Request: POST https://api.telegram.org/bot8738891191:AAEh-QWNGxNdMV8NvesniBf-4hnYSYK0D04/getUpdates "HTTP/1.1 200 OK"
2026-08-21 23:15:40,535 - INFO - HTTP Request: POST https://api.telegram.org/bot8738891191:AAEh-QWNGxNdMV8NvesniBf-4hnYSYK0D04/sendMessage "HTTP/1.1 200 OK"
2026-08-21 23:15:46,199 - INFO - HTTP Request: POST https://api.telegram.org/bot8738891191:AAEh-QWNGxNdMV8NvesniBf-4hnYSYK0D04/getUpdates "HTTP/1.1 200 OK"
2026-08-21 23:15:46,745 - INFO - HTTP Request: POST https://api.telegram.org/bot8738891191:AAEh-QWNGxNdMV8NvesniBf-4hnYSYK0D04/sendMessage "HTTP/1.1 200 OK"
2026-08-21 23:15:56,312 - INFO - HTTP Request: POST https://api.telegram.org/bot8738891191:AAEh-QWNGxNdMV8NvesniBf-4hnYSYK0D04/getUpdates "HTTP/1.1 200 OK"
2026-08-21 23:16:06,421 - INFO - HTTP Request: POST https://api.telegram.org/bot8738891191:AAEh-QWNGxNdMV8NvesniBf-4hnYSYK0D04/getUpdates "HTTP/1.1 200 OK"
2026-08-21 23:16:17,328 - INFO - HTTP Request: POST https://api.telegram.org/bot8738891191:AAEh-QWNGxNdMV8NvesniBf-4hnYSYK0D04/getUpdates "HTTP/1.1 200 OK"
2026-08-21 23:16:27,439 - INFO - HTTP Request: POST https://api.telegram.org/bot8738891191:AAEh-QWNGxNdMV8NvesniBf-4hnYSYK0D04/getUpdates "HTTP/1.1 200 OK"
2026-08-21 23:16:28,285 - INFO - HTTP Request: POST https://api.telegram.org/bot8738891191:AAEh-QWNGxNdMV8NvesniBf-4hnYSYK0D04/getUpdates "HTTP/1.1 200 OK"
2026-08-21 23:16:28,286 - INFO - Сообщение от SAMRIDDIN (5446527720): найди информацию про ютубер Линч...
2026-08-21 23:16:28,630 - INFO - HTTP Request: POST https://api.telegram.org/bot8738891191:AAEh-QWNGxNdMV8NvesniBf-4hnYSYK0D04/sendChatAction "HTTP/1.1 200 OK"
2026-08-21 23:16:28,631 - INFO - ЗАПРОС: найди информацию про ютубер Линч... (режим: default)
2026-08-21 23:18:42,675 - INFO - ОТВЕТ: Похоже, что информации о ютубере под именем "Линч" не так много. Может быть, вы имели в виду какое-т...
2026-08-21 23:18:42,680 - INFO - HTTP Request: POST https://api.telegram.org/bot8738891191:AAEh-QWNGxNdMV8NvesniBf-4hnYSYK0D04/getUpdates "HTTP/1.1 200 OK"
2026-08-21 23:18:43,110 - INFO - HTTP Request: POST https://api.telegram.org/bot8738891191:AAEh-QWNGxNdMV8NvesniBf-4hnYSYK0D04/sendMessage "HTTP/1.1 200 OK"
2026-08-21 23:18:52,978 - INFO - HTTP Request: POST https://api.telegram.org/bot8738891191:AAEh-QWNGxNdMV8NvesniBf-4hnYSYK0D04/getUpdates "HTTP/1.1 200 OK"
2026-08-21 23:19:03,101 - INFO - HTTP Request: POST https://api.telegram.org/bot8738891191:AAEh-QWNGxNdMV8NvesniBf-4hnYSYK0D04/getUpdates "HTTP/1.1 200 OK"
2026-08-21 23:19:13,230 - INFO - HTTP Request: POST https://api.telegram.org/bot8738891191:AAEh-QWNGxNdMV8NvesniBf-4hnYSYK0D04/getUpdates "HTTP/1.1 200 OK"
2026-08-21 23:19:23,589 - INFO - HTTP Request: POST https://api.telegram.org/bot8738891191:AAEh-QWNGxNdMV8NvesniBf-4hnYSYK0D04/getUpdates "HTTP/1.1 200 OK"
2026-08-21 23:19:33,699 - INFO - HTTP Request: POST https://api.telegram.org/bot8738891191:AAEh-QWNGxNdMV8NvesniBf-4hnYSYK0D04/getUpdates "HTTP/1.1 200 OK"
2026-08-21 23:19:43,808 - INFO - HTTP Request: POST https://api.telegram.org/bot8738891191:AAEh-QWNGxNdMV8NvesniBf-4hnYSYK0D04/getUpdates "HTTP/1.1 200 OK"
2026-08-21 23:19:53,917 - INFO - HTTP Request: POST https://api.telegram.org/bot8738891191:AAEh-QWNGxNdMV8NvesniBf-4hnYSYK0D04/getUpdates "HTTP/1.1 200 OK"
2026-08-21 23:20:04,026 - INFO - HTTP Request: POST https://api.telegram.org/bot8738891191:AAEh-QWNGxNdMV8NvesniBf-4hnYSYK0D04/getUpdates "HTTP/1.1 200 OK"
2026-08-21 23:20:14,136 - INFO - HTTP Request: POST https://api.telegram.org/bot8738891191:AAEh-QWNGxNdMV8NvesniBf-4hnYSYK0D04/getUpdates "HTTP/1.1 200 OK"
2026-08-21 23:20:24,246 - INFO - HTTP Request: POST https://api.telegram.org/bot8738891191:AAEh-QWNGxNdMV8NvesniBf-4hnYSYK0D04/getUpdates "HTTP/1.1 200 OK"
2026-08-21 23:20:34,361 - INFO - HTTP Request: POST https://api.telegram.org/bot8738891191:AAEh-QWNGxNdMV8NvesniBf-4hnYSYK0D04/getUpdates "HTTP/1.1 200 OK"
2026-08-21 23:21:10,705 - INFO - Кеш инициализирован
2026-08-21 23:21:12,815 - INFO - HTTP Request: POST https://api.telegram.org/bot8738891191:AAEh-QWNGxNdMV8NvesniBf-4hnYSYK0D04/getMe "HTTP/1.1 200 OK"
2026-08-21 23:21:13,267 - INFO - HTTP Request: POST https://api.telegram.org/bot8738891191:AAEh-QWNGxNdMV8NvesniBf-4hnYSYK0D04/deleteWebhook "HTTP/1.1 200 OK"
2026-08-21 23:21:13,269 - INFO - Application started
2026-08-21 23:21:24,531 - INFO - HTTP Request: POST https://api.telegram.org/bot8738891191:AAEh-QWNGxNdMV8NvesniBf-4hnYSYK0D04/getUpdates "HTTP/1.1 200 OK"
2026-08-21 23:21:34,947 - INFO - HTTP Request: POST https://api.telegram.org/bot8738891191:AAEh-QWNGxNdMV8NvesniBf-4hnYSYK0D04/getUpdates "HTTP/1.1 200 OK"
2026-08-21 23:22:00,271 - INFO - HTTP Request: POST https://api.telegram.org/bot8738891191:AAEh-QWNGxNdMV8NvesniBf-4hnYSYK0D04/getUpdates "HTTP/1.1 200 OK"
2026-08-21 23:22:10,378 - INFO - HTTP Request: POST https://api.telegram.org/bot8738891191:AAEh-QWNGxNdMV8NvesniBf-4hnYSYK0D04/getUpdates "HTTP/1.1 200 OK"
2026-08-21 23:22:15,822 - INFO - HTTP Request: POST https://api.telegram.org/bot8738891191:AAEh-QWNGxNdMV8NvesniBf-4hnYSYK0D04/getUpdates "HTTP/1.1 200 OK"
2026-08-21 23:22:20,826 - ERROR - No error handlers are registered, logging exception.
Traceback (most recent call last):
  File "C:\Users\samir\AppData\Local\Python\pythoncore-3.14-64\Lib\site-packages\httpx\_transports\default.py", line 101, in map_httpcore_exceptions
    yield
  File "C:\Users\samir\AppData\Local\Python\pythoncore-3.14-64\Lib\site-packages\httpx\_transports\default.py", line 394, in handle_async_request
    resp = await self._pool.handle_async_request(req)
           ^^^^^^^^^^^^^^^^^^^^^^^^^^^^^^^^^^^^^^^^^^
  File "C:\Users\samir\AppData\Local\Python\pythoncore-3.14-64\Lib\site-packages\httpcore\_async\connection_pool.py", line 256, in handle_async_request
    raise exc from None
  File "C:\Users\samir\AppData\Local\Python\pythoncore-3.14-64\Lib\site-packages\httpcore\_async\connection_pool.py", line 236, in handle_async_request
    response = await connection.handle_async_request(
               ^^^^^^^^^^^^^^^^^^^^^^^^^^^^^^^^^^^^^^
        pool_request.request
        ^^^^^^^^^^^^^^^^^^^^
    )
    ^
  File "C:\Users\samir\AppData\Local\Python\pythoncore-3.14-64\Lib\site-packages\httpcore\_async\connection.py", line 101, in handle_async_request
    raise exc
  File "C:\Users\samir\AppData\Local\Python\pythoncore-3.14-64\Lib\site-packages\httpcore\_async\connection.py", line 78, in handle_async_request
    stream = await self._connect(request)
             ^^^^^^^^^^^^^^^^^^^^^^^^^^^^
  File "C:\Users\samir\AppData\Local\Python\pythoncore-3.14-64\Lib\site-packages\httpcore\_async\connection.py", line 124, in _connect
    stream = await self._network_backend.connect_tcp(**kwargs)
             ^^^^^^^^^^^^^^^^^^^^^^^^^^^^^^^^^^^^^^^^^^^^^^^^^
  File "C:\Users\samir\AppData\Local\Python\pythoncore-3.14-64\Lib\site-packages\httpcore\_backends\auto.py", line 31, in connect_tcp
    return await self._backend.connect_tcp(
           ^^^^^^^^^^^^^^^^^^^^^^^^^^^^^^^^
    ...<5 lines>...
    )
    ^
  File "C:\Users\samir\AppData\Local\Python\pythoncore-3.14-64\Lib\site-packages\httpcore\_backends\anyio.py", line 113, in connect_tcp
    with map_exceptions(exc_map):
         ~~~~~~~~~~~~~~^^^^^^^^^
  File "C:\Users\samir\AppData\Local\Python\pythoncore-3.14-64\Lib\contextlib.py", line 162, in __exit__
    self.gen.throw(value)
    ~~~~~~~~~~~~~~^^^^^^^
  File "C:\Users\samir\AppData\Local\Python\pythoncore-3.14-64\Lib\site-packages\httpcore\_exceptions.py", line 14, in map_exceptions
    raise to_exc(exc) from exc
httpcore.ConnectTimeout

The above exception was the direct cause of the following exception:

Traceback (most recent call last):
  File "C:\Users\samir\AppData\Local\Python\pythoncore-3.14-64\Lib\site-packages\telegram\request\_httpxrequest.py", line 279, in do_request
    res = await self._client.request(
          ^^^^^^^^^^^^^^^^^^^^^^^^^^^
    ...<6 lines>...
    )
    ^
  File "C:\Users\samir\AppData\Local\Python\pythoncore-3.14-64\Lib\site-packages\httpx\_client.py", line 1540, in request
    return await self.send(request, auth=auth, follow_redirects=follow_redirects)
           ^^^^^^^^^^^^^^^^^^^^^^^^^^^^^^^^^^^^^^^^^^^^^^^^^^^^^^^^^^^^^^^^^^^^^^
  File "C:\Users\samir\AppData\Local\Python\pythoncore-3.14-64\Lib\site-packages\httpx\_client.py", line 1629, in send
    response = await self._send_handling_auth(
               ^^^^^^^^^^^^^^^^^^^^^^^^^^^^^^^
    ...<4 lines>...
    )
    ^
  File "C:\Users\samir\AppData\Local\Python\pythoncore-3.14-64\Lib\site-packages\httpx\_client.py", line 1657, in _send_handling_auth
    response = await self._send_handling_redirects(
               ^^^^^^^^^^^^^^^^^^^^^^^^^^^^^^^^^^^^
    ...<3 lines>...
    )
    ^
  File "C:\Users\samir\AppData\Local\Python\pythoncore-3.14-64\Lib\site-packages\httpx\_client.py", line 1694, in _send_handling_redirects
    response = await self._send_single_request(request)
               ^^^^^^^^^^^^^^^^^^^^^^^^^^^^^^^^^^^^^^^^
  File "C:\Users\samir\AppData\Local\Python\pythoncore-3.14-64\Lib\site-packages\httpx\_client.py", line 1730, in _send_single_request
    response = await transport.handle_async_request(request)
               ^^^^^^^^^^^^^^^^^^^^^^^^^^^^^^^^^^^^^^^^^^^^^
  File "C:\Users\samir\AppData\Local\Python\pythoncore-3.14-64\Lib\site-packages\httpx\_transports\default.py", line 393, in handle_async_request
    with map_httpcore_exceptions():
         ~~~~~~~~~~~~~~~~~~~~~~~^^
  File "C:\Users\samir\AppData\Local\Python\pythoncore-3.14-64\Lib\contextlib.py", line 162, in __exit__
    self.gen.throw(value)
    ~~~~~~~~~~~~~~^^^^^^^
  File "C:\Users\samir\AppData\Local\Python\pythoncore-3.14-64\Lib\site-packages\httpx\_transports\default.py", line 118, in map_httpcore_exceptions
    raise mapped_exc(message) from exc
httpx.ConnectTimeout

The above exception was the direct cause of the following exception:

Traceback (most recent call last):
  File "C:\Users\samir\AppData\Local\Python\pythoncore-3.14-64\Lib\site-packages\telegram\ext\_application.py", line 1315, in process_update
    await coroutine
  File "C:\Users\samir\AppData\Local\Python\pythoncore-3.14-64\Lib\site-packages\telegram\ext\_handlers\basehandler.py", line 159, in handle_update
    return await self.callback(update, context)
           ^^^^^^^^^^^^^^^^^^^^^^^^^^^^^^^^^^^^
  File "D:\Zeta\zeta_bot.py", line 74, in start_command
    await update.message.reply_text(
    ...<3 lines>...
    )
  File "C:\Users\samir\AppData\Local\Python\pythoncore-3.14-64\Lib\site-packages\telegram\_message.py", line 2228, in reply_text
    return await self.get_bot().send_message(
           ^^^^^^^^^^^^^^^^^^^^^^^^^^^^^^^^^^
    ...<21 lines>...
    )
    ^
  File "C:\Users\samir\AppData\Local\Python\pythoncore-3.14-64\Lib\site-packages\telegram\ext\_extbot.py", line 3150, in send_message
    return await super().send_message(
           ^^^^^^^^^^^^^^^^^^^^^^^^^^^
    ...<23 lines>...
    )
    ^
  File "C:\Users\samir\AppData\Local\Python\pythoncore-3.14-64\Lib\site-packages\telegram\_bot.py", line 1138, in send_message
    return await self._send_message(
           ^^^^^^^^^^^^^^^^^^^^^^^^^
    ...<21 lines>...
    )
    ^
  File "C:\Users\samir\AppData\Local\Python\pythoncore-3.14-64\Lib\site-packages\telegram\ext\_extbot.py", line 638, in _send_message
    result = await super()._send_message(
             ^^^^^^^^^^^^^^^^^^^^^^^^^^^^
    ...<23 lines>...
    )
    ^
  File "C:\Users\samir\AppData\Local\Python\pythoncore-3.14-64\Lib\site-packages\telegram\_bot.py", line 828, in _send_message
    result = await self._post(
             ^^^^^^^^^^^^^^^^^
    ...<7 lines>...
    )
    ^
  File "C:\Users\samir\AppData\Local\Python\pythoncore-3.14-64\Lib\site-packages\telegram\_bot.py", line 712, in _post
    return await self._do_post(
           ^^^^^^^^^^^^^^^^^^^^
    ...<6 lines>...
    )
    ^
  File "C:\Users\samir\AppData\Local\Python\pythoncore-3.14-64\Lib\site-packages\telegram\ext\_extbot.py", line 378, in _do_post
    return await super()._do_post(
           ^^^^^^^^^^^^^^^^^^^^^^^
    ...<6 lines>...
    )
    ^
  File "C:\Users\samir\AppData\Local\Python\pythoncore-3.14-64\Lib\site-packages\telegram\_bot.py", line 741, in _do_post
    result = await request.post(
             ^^^^^^^^^^^^^^^^^^^
    ...<6 lines>...
    )
    ^
  File "C:\Users\samir\AppData\Local\Python\pythoncore-3.14-64\Lib\site-packages\telegram\request\_baserequest.py", line 198, in post
    result = await self._request_wrapper(
             ^^^^^^^^^^^^^^^^^^^^^^^^^^^^
    ...<7 lines>...
    )
    ^
  File "C:\Users\samir\AppData\Local\Python\pythoncore-3.14-64\Lib\site-packages\telegram\request\_baserequest.py", line 305, in _request_wrapper
    code, payload = await self.do_request(
                    ^^^^^^^^^^^^^^^^^^^^^^
    ...<7 lines>...
    )
    ^
  File "C:\Users\samir\AppData\Local\Python\pythoncore-3.14-64\Lib\site-packages\telegram\request\_httpxrequest.py", line 296, in do_request
    raise TimedOut from err
telegram.error.TimedOut: Timed out
2026-08-21 23:22:25,942 - INFO - HTTP Request: POST https://api.telegram.org/bot8738891191:AAEh-QWNGxNdMV8NvesniBf-4hnYSYK0D04/getUpdates "HTTP/1.1 200 OK"
2026-08-21 23:23:11,033 - ERROR - No error handlers are registered, logging exception.
Traceback (most recent call last):
  File "C:\Users\samir\AppData\Local\Python\pythoncore-3.14-64\Lib\site-packages\httpx\_transports\default.py", line 101, in map_httpcore_exceptions
    yield
  File "C:\Users\samir\AppData\Local\Python\pythoncore-3.14-64\Lib\site-packages\httpx\_transports\default.py", line 394, in handle_async_request
    resp = await self._pool.handle_async_request(req)
           ^^^^^^^^^^^^^^^^^^^^^^^^^^^^^^^^^^^^^^^^^^
  File "C:\Users\samir\AppData\Local\Python\pythoncore-3.14-64\Lib\site-packages\httpcore\_async\connection_pool.py", line 256, in handle_async_request
    raise exc from None
  File "C:\Users\samir\AppData\Local\Python\pythoncore-3.14-64\Lib\site-packages\httpcore\_async\connection_pool.py", line 236, in handle_async_request
    response = await connection.handle_async_request(
               ^^^^^^^^^^^^^^^^^^^^^^^^^^^^^^^^^^^^^^
        pool_request.request
        ^^^^^^^^^^^^^^^^^^^^
    )
    ^
  File "C:\Users\samir\AppData\Local\Python\pythoncore-3.14-64\Lib\site-packages\httpcore\_async\connection.py", line 101, in handle_async_request
    raise exc
  File "C:\Users\samir\AppData\Local\Python\pythoncore-3.14-64\Lib\site-packages\httpcore\_async\connection.py", line 78, in handle_async_request
    stream = await self._connect(request)
             ^^^^^^^^^^^^^^^^^^^^^^^^^^^^
  File "C:\Users\samir\AppData\Local\Python\pythoncore-3.14-64\Lib\site-packages\httpcore\_async\connection.py", line 124, in _connect
    stream = await self._network_backend.connect_tcp(**kwargs)
             ^^^^^^^^^^^^^^^^^^^^^^^^^^^^^^^^^^^^^^^^^^^^^^^^^
  File "C:\Users\samir\AppData\Local\Python\pythoncore-3.14-64\Lib\site-packages\httpcore\_backends\auto.py", line 31, in connect_tcp
    return await self._backend.connect_tcp(
           ^^^^^^^^^^^^^^^^^^^^^^^^^^^^^^^^
    ...<5 lines>...
    )
    ^
  File "C:\Users\samir\AppData\Local\Python\pythoncore-3.14-64\Lib\site-packages\httpcore\_backends\anyio.py", line 113, in connect_tcp
    with map_exceptions(exc_map):
         ~~~~~~~~~~~~~~^^^^^^^^^
  File "C:\Users\samir\AppData\Local\Python\pythoncore-3.14-64\Lib\contextlib.py", line 162, in __exit__
    self.gen.throw(value)
    ~~~~~~~~~~~~~~^^^^^^^
  File "C:\Users\samir\AppData\Local\Python\pythoncore-3.14-64\Lib\site-packages\httpcore\_exceptions.py", line 14, in map_exceptions
    raise to_exc(exc) from exc
httpcore.ConnectError: [Errno 11001] getaddrinfo failed

The above exception was the direct cause of the following exception:

Traceback (most recent call last):
  File "C:\Users\samir\AppData\Local\Python\pythoncore-3.14-64\Lib\site-packages\telegram\request\_httpxrequest.py", line 279, in do_request
    res = await self._client.request(
          ^^^^^^^^^^^^^^^^^^^^^^^^^^^
    ...<6 lines>...
    )
    ^
  File "C:\Users\samir\AppData\Local\Python\pythoncore-3.14-64\Lib\site-packages\httpx\_client.py", line 1540, in request
    return await self.send(request, auth=auth, follow_redirects=follow_redirects)
           ^^^^^^^^^^^^^^^^^^^^^^^^^^^^^^^^^^^^^^^^^^^^^^^^^^^^^^^^^^^^^^^^^^^^^^
  File "C:\Users\samir\AppData\Local\Python\pythoncore-3.14-64\Lib\site-packages\httpx\_client.py", line 1629, in send
    response = await self._send_handling_auth(
               ^^^^^^^^^^^^^^^^^^^^^^^^^^^^^^^
    ...<4 lines>...
    )
    ^
  File "C:\Users\samir\AppData\Local\Python\pythoncore-3.14-64\Lib\site-packages\httpx\_client.py", line 1657, in _send_handling_auth
    response = await self._send_handling_redirects(
               ^^^^^^^^^^^^^^^^^^^^^^^^^^^^^^^^^^^^
    ...<3 lines>...
    )
    ^
  File "C:\Users\samir\AppData\Local\Python\pythoncore-3.14-64\Lib\site-packages\httpx\_client.py", line 1694, in _send_handling_redirects
    response = await self._send_single_request(request)
               ^^^^^^^^^^^^^^^^^^^^^^^^^^^^^^^^^^^^^^^^
  File "C:\Users\samir\AppData\Local\Python\pythoncore-3.14-64\Lib\site-packages\httpx\_client.py", line 1730, in _send_single_request
    response = await transport.handle_async_request(request)
               ^^^^^^^^^^^^^^^^^^^^^^^^^^^^^^^^^^^^^^^^^^^^^
  File "C:\Users\samir\AppData\Local\Python\pythoncore-3.14-64\Lib\site-packages\httpx\_transports\default.py", line 393, in handle_async_request
    with map_httpcore_exceptions():
         ~~~~~~~~~~~~~~~~~~~~~~~^^
  File "C:\Users\samir\AppData\Local\Python\pythoncore-3.14-64\Lib\contextlib.py", line 162, in __exit__
    self.gen.throw(value)
    ~~~~~~~~~~~~~~^^^^^^^
  File "C:\Users\samir\AppData\Local\Python\pythoncore-3.14-64\Lib\site-packages\httpx\_transports\default.py", line 118, in map_httpcore_exceptions
    raise mapped_exc(message) from exc
httpx.ConnectError: [Errno 11001] getaddrinfo failed

The above exception was the direct cause of the following exception:

Traceback (most recent call last):
  File "C:\Users\samir\AppData\Local\Python\pythoncore-3.14-64\Lib\site-packages\telegram\ext\_utils\networkloop.py", line 161, in network_retry_loop
    await do_action()
  File "C:\Users\samir\AppData\Local\Python\pythoncore-3.14-64\Lib\site-packages\telegram\ext\_utils\networkloop.py", line 154, in do_action
    action_cb_task.result()
    ~~~~~~~~~~~~~~~~~~~~~^^
  File "C:\Users\samir\AppData\Local\Python\pythoncore-3.14-64\Lib\site-packages\telegram\ext\_updater.py", line 340, in polling_action_cb
    updates = await self.bot.get_updates(
              ^^^^^^^^^^^^^^^^^^^^^^^^^^^
    ...<3 lines>...
    )
    ^
  File "C:\Users\samir\AppData\Local\Python\pythoncore-3.14-64\Lib\site-packages\telegram\ext\_extbot.py", line 680, in get_updates
    updates = await super().get_updates(
              ^^^^^^^^^^^^^^^^^^^^^^^^^^
    ...<9 lines>...
    )
    ^
  File "C:\Users\samir\AppData\Local\Python\pythoncore-3.14-64\Lib\site-packages\telegram\_bot.py", line 4767, in get_updates
    await self._post(
    ^^^^^^^^^^^^^^^^^
    ...<7 lines>...
    ),
    ^
  File "C:\Users\samir\AppData\Local\Python\pythoncore-3.14-64\Lib\site-packages\telegram\_bot.py", line 712, in _post
    return await self._do_post(
           ^^^^^^^^^^^^^^^^^^^^
    ...<6 lines>...
    )
    ^
  File "C:\Users\samir\AppData\Local\Python\pythoncore-3.14-64\Lib\site-packages\telegram\ext\_extbot.py", line 378, in _do_post
    return await super()._do_post(
           ^^^^^^^^^^^^^^^^^^^^^^^
    ...<6 lines>...
    )
    ^
  File "C:\Users\samir\AppData\Local\Python\pythoncore-3.14-64\Lib\site-packages\telegram\_bot.py", line 741, in _do_post
    result = await request.post(
             ^^^^^^^^^^^^^^^^^^^
    ...<6 lines>...
    )
    ^
  File "C:\Users\samir\AppData\Local\Python\pythoncore-3.14-64\Lib\site-packages\telegram\request\_baserequest.py", line 198, in post
    result = await self._request_wrapper(
             ^^^^^^^^^^^^^^^^^^^^^^^^^^^^
    ...<7 lines>...
    )
    ^
  File "C:\Users\samir\AppData\Local\Python\pythoncore-3.14-64\Lib\site-packages\telegram\request\_baserequest.py", line 305, in _request_wrapper
    code, payload = await self.do_request(
                    ^^^^^^^^^^^^^^^^^^^^^^
    ...<7 lines>...
    )
    ^
  File "C:\Users\samir\AppData\Local\Python\pythoncore-3.14-64\Lib\site-packages\telegram\request\_httpxrequest.py", line 303, in do_request
    raise NetworkError(f"httpx.{err.__class__.__name__}: {err}") from err
telegram.error.NetworkError: httpx.ConnectError: [Errno 11001] getaddrinfo failed
2026-08-21 23:23:12,040 - ERROR - No error handlers are registered, logging exception.
Traceback (most recent call last):
  File "C:\Users\samir\AppData\Local\Python\pythoncore-3.14-64\Lib\site-packages\httpx\_transports\default.py", line 101, in map_httpcore_exceptions
    yield
  File "C:\Users\samir\AppData\Local\Python\pythoncore-3.14-64\Lib\site-packages\httpx\_transports\default.py", line 394, in handle_async_request
    resp = await self._pool.handle_async_request(req)
           ^^^^^^^^^^^^^^^^^^^^^^^^^^^^^^^^^^^^^^^^^^
  File "C:\Users\samir\AppData\Local\Python\pythoncore-3.14-64\Lib\site-packages\httpcore\_async\connection_pool.py", line 256, in handle_async_request
    raise exc from None
  File "C:\Users\samir\AppData\Local\Python\pythoncore-3.14-64\Lib\site-packages\httpcore\_async\connection_pool.py", line 236, in handle_async_request
    response = await connection.handle_async_request(
               ^^^^^^^^^^^^^^^^^^^^^^^^^^^^^^^^^^^^^^
        pool_request.request
        ^^^^^^^^^^^^^^^^^^^^
    )
    ^
  File "C:\Users\samir\AppData\Local\Python\pythoncore-3.14-64\Lib\site-packages\httpcore\_async\connection.py", line 101, in handle_async_request
    raise exc
  File "C:\Users\samir\AppData\Local\Python\pythoncore-3.14-64\Lib\site-packages\httpcore\_async\connection.py", line 78, in handle_async_request
    stream = await self._connect(request)
             ^^^^^^^^^^^^^^^^^^^^^^^^^^^^
  File "C:\Users\samir\AppData\Local\Python\pythoncore-3.14-64\Lib\site-packages\httpcore\_async\connection.py", line 124, in _connect
    stream = await self._network_backend.connect_tcp(**kwargs)
             ^^^^^^^^^^^^^^^^^^^^^^^^^^^^^^^^^^^^^^^^^^^^^^^^^
  File "C:\Users\samir\AppData\Local\Python\pythoncore-3.14-64\Lib\site-packages\httpcore\_backends\auto.py", line 31, in connect_tcp
    return await self._backend.connect_tcp(
           ^^^^^^^^^^^^^^^^^^^^^^^^^^^^^^^^
    ...<5 lines>...
    )
    ^
  File "C:\Users\samir\AppData\Local\Python\pythoncore-3.14-64\Lib\site-packages\httpcore\_backends\anyio.py", line 113, in connect_tcp
    with map_exceptions(exc_map):
         ~~~~~~~~~~~~~~^^^^^^^^^
  File "C:\Users\samir\AppData\Local\Python\pythoncore-3.14-64\Lib\contextlib.py", line 162, in __exit__
    self.gen.throw(value)
    ~~~~~~~~~~~~~~^^^^^^^
  File "C:\Users\samir\AppData\Local\Python\pythoncore-3.14-64\Lib\site-packages\httpcore\_exceptions.py", line 14, in map_exceptions
    raise to_exc(exc) from exc
httpcore.ConnectError: [Errno 11001] getaddrinfo failed

The above exception was the direct cause of the following exception:

Traceback (most recent call last):
  File "C:\Users\samir\AppData\Local\Python\pythoncore-3.14-64\Lib\site-packages\telegram\request\_httpxrequest.py", line 279, in do_request
    res = await self._client.request(
          ^^^^^^^^^^^^^^^^^^^^^^^^^^^
    ...<6 lines>...
    )
    ^
  File "C:\Users\samir\AppData\Local\Python\pythoncore-3.14-64\Lib\site-packages\httpx\_client.py", line 1540, in request
    return await self.send(request, auth=auth, follow_redirects=follow_redirects)
           ^^^^^^^^^^^^^^^^^^^^^^^^^^^^^^^^^^^^^^^^^^^^^^^^^^^^^^^^^^^^^^^^^^^^^^
  File "C:\Users\samir\AppData\Local\Python\pythoncore-3.14-64\Lib\site-packages\httpx\_client.py", line 1629, in send
    response = await self._send_handling_auth(
               ^^^^^^^^^^^^^^^^^^^^^^^^^^^^^^^
    ...<4 lines>...
    )
    ^
  File "C:\Users\samir\AppData\Local\Python\pythoncore-3.14-64\Lib\site-packages\httpx\_client.py", line 1657, in _send_handling_auth
    response = await self._send_handling_redirects(
               ^^^^^^^^^^^^^^^^^^^^^^^^^^^^^^^^^^^^
    ...<3 lines>...
    )
    ^
  File "C:\Users\samir\AppData\Local\Python\pythoncore-3.14-64\Lib\site-packages\httpx\_client.py", line 1694, in _send_handling_redirects
    response = await self._send_single_request(request)
               ^^^^^^^^^^^^^^^^^^^^^^^^^^^^^^^^^^^^^^^^
  File "C:\Users\samir\AppData\Local\Python\pythoncore-3.14-64\Lib\site-packages\httpx\_client.py", line 1730, in _send_single_request
    response = await transport.handle_async_request(request)
               ^^^^^^^^^^^^^^^^^^^^^^^^^^^^^^^^^^^^^^^^^^^^^
  File "C:\Users\samir\AppData\Local\Python\pythoncore-3.14-64\Lib\site-packages\httpx\_transports\default.py", line 393, in handle_async_request
    with map_httpcore_exceptions():
         ~~~~~~~~~~~~~~~~~~~~~~~^^
  File "C:\Users\samir\AppData\Local\Python\pythoncore-3.14-64\Lib\contextlib.py", line 162, in __exit__
    self.gen.throw(value)
    ~~~~~~~~~~~~~~^^^^^^^
  File "C:\Users\samir\AppData\Local\Python\pythoncore-3.14-64\Lib\site-packages\httpx\_transports\default.py", line 118, in map_httpcore_exceptions
    raise mapped_exc(message) from exc
httpx.ConnectError: [Errno 11001] getaddrinfo failed

The above exception was the direct cause of the following exception:

Traceback (most recent call last):
  File "C:\Users\samir\AppData\Local\Python\pythoncore-3.14-64\Lib\site-packages\telegram\ext\_utils\networkloop.py", line 161, in network_retry_loop
    await do_action()
  File "C:\Users\samir\AppData\Local\Python\pythoncore-3.14-64\Lib\site-packages\telegram\ext\_utils\networkloop.py", line 154, in do_action
    action_cb_task.result()
    ~~~~~~~~~~~~~~~~~~~~~^^
  File "C:\Users\samir\AppData\Local\Python\pythoncore-3.14-64\Lib\site-packages\telegram\ext\_updater.py", line 340, in polling_action_cb
    updates = await self.bot.get_updates(
              ^^^^^^^^^^^^^^^^^^^^^^^^^^^
    ...<3 lines>...
    )
    ^
  File "C:\Users\samir\AppData\Local\Python\pythoncore-3.14-64\Lib\site-packages\telegram\ext\_extbot.py", line 680, in get_updates
    updates = await super().get_updates(
              ^^^^^^^^^^^^^^^^^^^^^^^^^^
    ...<9 lines>...
    )
    ^
  File "C:\Users\samir\AppData\Local\Python\pythoncore-3.14-64\Lib\site-packages\telegram\_bot.py", line 4767, in get_updates
    await self._post(
    ^^^^^^^^^^^^^^^^^
    ...<7 lines>...
    ),
    ^
  File "C:\Users\samir\AppData\Local\Python\pythoncore-3.14-64\Lib\site-packages\telegram\_bot.py", line 712, in _post
    return await self._do_post(
           ^^^^^^^^^^^^^^^^^^^^
    ...<6 lines>...
    )
    ^
  File "C:\Users\samir\AppData\Local\Python\pythoncore-3.14-64\Lib\site-packages\telegram\ext\_extbot.py", line 378, in _do_post
    return await super()._do_post(
           ^^^^^^^^^^^^^^^^^^^^^^^
    ...<6 lines>...
    )
    ^
  File "C:\Users\samir\AppData\Local\Python\pythoncore-3.14-64\Lib\site-packages\telegram\_bot.py", line 741, in _do_post
    result = await request.post(
             ^^^^^^^^^^^^^^^^^^^
    ...<6 lines>...
    )
    ^
  File "C:\Users\samir\AppData\Local\Python\pythoncore-3.14-64\Lib\site-packages\telegram\request\_baserequest.py", line 198, in post
    result = await self._request_wrapper(
             ^^^^^^^^^^^^^^^^^^^^^^^^^^^^
    ...<7 lines>...
    )
    ^
  File "C:\Users\samir\AppData\Local\Python\pythoncore-3.14-64\Lib\site-packages\telegram\request\_baserequest.py", line 305, in _request_wrapper
    code, payload = await self.do_request(
                    ^^^^^^^^^^^^^^^^^^^^^^
    ...<7 lines>...
    )
    ^
  File "C:\Users\samir\AppData\Local\Python\pythoncore-3.14-64\Lib\site-packages\telegram\request\_httpxrequest.py", line 303, in do_request
    raise NetworkError(f"httpx.{err.__class__.__name__}: {err}") from err
telegram.error.NetworkError: httpx.ConnectError: [Errno 11001] getaddrinfo failed
2026-08-21 23:23:13,552 - ERROR - No error handlers are registered, logging exception.
Traceback (most recent call last):
  File "C:\Users\samir\AppData\Local\Python\pythoncore-3.14-64\Lib\site-packages\httpx\_transports\default.py", line 101, in map_httpcore_exceptions
    yield
  File "C:\Users\samir\AppData\Local\Python\pythoncore-3.14-64\Lib\site-packages\httpx\_transports\default.py", line 394, in handle_async_request
    resp = await self._pool.handle_async_request(req)
           ^^^^^^^^^^^^^^^^^^^^^^^^^^^^^^^^^^^^^^^^^^
  File "C:\Users\samir\AppData\Local\Python\pythoncore-3.14-64\Lib\site-packages\httpcore\_async\connection_pool.py", line 256, in handle_async_request
    raise exc from None
  File "C:\Users\samir\AppData\Local\Python\pythoncore-3.14-64\Lib\site-packages\httpcore\_async\connection_pool.py", line 236, in handle_async_request
    response = await connection.handle_async_request(
               ^^^^^^^^^^^^^^^^^^^^^^^^^^^^^^^^^^^^^^
        pool_request.request
        ^^^^^^^^^^^^^^^^^^^^
    )
    ^
  File "C:\Users\samir\AppData\Local\Python\pythoncore-3.14-64\Lib\site-packages\httpcore\_async\connection.py", line 101, in handle_async_request
    raise exc
  File "C:\Users\samir\AppData\Local\Python\pythoncore-3.14-64\Lib\site-packages\httpcore\_async\connection.py", line 78, in handle_async_request
    stream = await self._connect(request)
             ^^^^^^^^^^^^^^^^^^^^^^^^^^^^
  File "C:\Users\samir\AppData\Local\Python\pythoncore-3.14-64\Lib\site-packages\httpcore\_async\connection.py", line 124, in _connect
    stream = await self._network_backend.connect_tcp(**kwargs)
             ^^^^^^^^^^^^^^^^^^^^^^^^^^^^^^^^^^^^^^^^^^^^^^^^^
  File "C:\Users\samir\AppData\Local\Python\pythoncore-3.14-64\Lib\site-packages\httpcore\_backends\auto.py", line 31, in connect_tcp
    return await self._backend.connect_tcp(
           ^^^^^^^^^^^^^^^^^^^^^^^^^^^^^^^^
    ...<5 lines>...
    )
    ^
  File "C:\Users\samir\AppData\Local\Python\pythoncore-3.14-64\Lib\site-packages\httpcore\_backends\anyio.py", line 113, in connect_tcp
    with map_exceptions(exc_map):
         ~~~~~~~~~~~~~~^^^^^^^^^
  File "C:\Users\samir\AppData\Local\Python\pythoncore-3.14-64\Lib\contextlib.py", line 162, in __exit__
    self.gen.throw(value)
    ~~~~~~~~~~~~~~^^^^^^^
  File "C:\Users\samir\AppData\Local\Python\pythoncore-3.14-64\Lib\site-packages\httpcore\_exceptions.py", line 14, in map_exceptions
    raise to_exc(exc) from exc
httpcore.ConnectError: [Errno 11001] getaddrinfo failed

The above exception was the direct cause of the following exception:

Traceback (most recent call last):
  File "C:\Users\samir\AppData\Local\Python\pythoncore-3.14-64\Lib\site-packages\telegram\request\_httpxrequest.py", line 279, in do_request
    res = await self._client.request(
          ^^^^^^^^^^^^^^^^^^^^^^^^^^^
    ...<6 lines>...
    )
    ^
  File "C:\Users\samir\AppData\Local\Python\pythoncore-3.14-64\Lib\site-packages\httpx\_client.py", line 1540, in request
    return await self.send(request, auth=auth, follow_redirects=follow_redirects)
           ^^^^^^^^^^^^^^^^^^^^^^^^^^^^^^^^^^^^^^^^^^^^^^^^^^^^^^^^^^^^^^^^^^^^^^
  File "C:\Users\samir\AppData\Local\Python\pythoncore-3.14-64\Lib\site-packages\httpx\_client.py", line 1629, in send
    response = await self._send_handling_auth(
               ^^^^^^^^^^^^^^^^^^^^^^^^^^^^^^^
    ...<4 lines>...
    )
    ^
  File "C:\Users\samir\AppData\Local\Python\pythoncore-3.14-64\Lib\site-packages\httpx\_client.py", line 1657, in _send_handling_auth
    response = await self._send_handling_redirects(
               ^^^^^^^^^^^^^^^^^^^^^^^^^^^^^^^^^^^^
    ...<3 lines>...
    )
    ^
  File "C:\Users\samir\AppData\Local\Python\pythoncore-3.14-64\Lib\site-packages\httpx\_client.py", line 1694, in _send_handling_redirects
    response = await self._send_single_request(request)
               ^^^^^^^^^^^^^^^^^^^^^^^^^^^^^^^^^^^^^^^^
  File "C:\Users\samir\AppData\Local\Python\pythoncore-3.14-64\Lib\site-packages\httpx\_client.py", line 1730, in _send_single_request
    response = await transport.handle_async_request(request)
               ^^^^^^^^^^^^^^^^^^^^^^^^^^^^^^^^^^^^^^^^^^^^^
  File "C:\Users\samir\AppData\Local\Python\pythoncore-3.14-64\Lib\site-packages\httpx\_transports\default.py", line 393, in handle_async_request
    with map_httpcore_exceptions():
         ~~~~~~~~~~~~~~~~~~~~~~~^^
  File "C:\Users\samir\AppData\Local\Python\pythoncore-3.14-64\Lib\contextlib.py", line 162, in __exit__
    self.gen.throw(value)
    ~~~~~~~~~~~~~~^^^^^^^
  File "C:\Users\samir\AppData\Local\Python\pythoncore-3.14-64\Lib\site-packages\httpx\_transports\default.py", line 118, in map_httpcore_exceptions
    raise mapped_exc(message) from exc
httpx.ConnectError: [Errno 11001] getaddrinfo failed

The above exception was the direct cause of the following exception:

Traceback (most recent call last):
  File "C:\Users\samir\AppData\Local\Python\pythoncore-3.14-64\Lib\site-packages\telegram\ext\_utils\networkloop.py", line 161, in network_retry_loop
    await do_action()
  File "C:\Users\samir\AppData\Local\Python\pythoncore-3.14-64\Lib\site-packages\telegram\ext\_utils\networkloop.py", line 154, in do_action
    action_cb_task.result()
    ~~~~~~~~~~~~~~~~~~~~~^^
  File "C:\Users\samir\AppData\Local\Python\pythoncore-3.14-64\Lib\site-packages\telegram\ext\_updater.py", line 340, in polling_action_cb
    updates = await self.bot.get_updates(
              ^^^^^^^^^^^^^^^^^^^^^^^^^^^
    ...<3 lines>...
    )
    ^
  File "C:\Users\samir\AppData\Local\Python\pythoncore-3.14-64\Lib\site-packages\telegram\ext\_extbot.py", line 680, in get_updates
    updates = await super().get_updates(
              ^^^^^^^^^^^^^^^^^^^^^^^^^^
    ...<9 lines>...
    )
    ^
  File "C:\Users\samir\AppData\Local\Python\pythoncore-3.14-64\Lib\site-packages\telegram\_bot.py", line 4767, in get_updates
    await self._post(
    ^^^^^^^^^^^^^^^^^
    ...<7 lines>...
    ),
    ^
  File "C:\Users\samir\AppData\Local\Python\pythoncore-3.14-64\Lib\site-packages\telegram\_bot.py", line 712, in _post
    return await self._do_post(
           ^^^^^^^^^^^^^^^^^^^^
    ...<6 lines>...
    )
    ^
  File "C:\Users\samir\AppData\Local\Python\pythoncore-3.14-64\Lib\site-packages\telegram\ext\_extbot.py", line 378, in _do_post
    return await super()._do_post(
           ^^^^^^^^^^^^^^^^^^^^^^^
    ...<6 lines>...
    )
    ^
  File "C:\Users\samir\AppData\Local\Python\pythoncore-3.14-64\Lib\site-packages\telegram\_bot.py", line 741, in _do_post
    result = await request.post(
             ^^^^^^^^^^^^^^^^^^^
    ...<6 lines>...
    )
    ^
  File "C:\Users\samir\AppData\Local\Python\pythoncore-3.14-64\Lib\site-packages\telegram\request\_baserequest.py", line 198, in post
    result = await self._request_wrapper(
             ^^^^^^^^^^^^^^^^^^^^^^^^^^^^
    ...<7 lines>...
    )
    ^
  File "C:\Users\samir\AppData\Local\Python\pythoncore-3.14-64\Lib\site-packages\telegram\request\_baserequest.py", line 305, in _request_wrapper
    code, payload = await self.do_request(
                    ^^^^^^^^^^^^^^^^^^^^^^
    ...<7 lines>...
    )
    ^
  File "C:\Users\samir\AppData\Local\Python\pythoncore-3.14-64\Lib\site-packages\telegram\request\_httpxrequest.py", line 303, in do_request
    raise NetworkError(f"httpx.{err.__class__.__name__}: {err}") from err
telegram.error.NetworkError: httpx.ConnectError: [Errno 11001] getaddrinfo failed
2026-08-21 23:23:15,808 - ERROR - No error handlers are registered, logging exception.
Traceback (most recent call last):
  File "C:\Users\samir\AppData\Local\Python\pythoncore-3.14-64\Lib\site-packages\httpx\_transports\default.py", line 101, in map_httpcore_exceptions
    yield
  File "C:\Users\samir\AppData\Local\Python\pythoncore-3.14-64\Lib\site-packages\httpx\_transports\default.py", line 394, in handle_async_request
    resp = await self._pool.handle_async_request(req)
           ^^^^^^^^^^^^^^^^^^^^^^^^^^^^^^^^^^^^^^^^^^
  File "C:\Users\samir\AppData\Local\Python\pythoncore-3.14-64\Lib\site-packages\httpcore\_async\connection_pool.py", line 256, in handle_async_request
    raise exc from None
  File "C:\Users\samir\AppData\Local\Python\pythoncore-3.14-64\Lib\site-packages\httpcore\_async\connection_pool.py", line 236, in handle_async_request
    response = await connection.handle_async_request(
               ^^^^^^^^^^^^^^^^^^^^^^^^^^^^^^^^^^^^^^
        pool_request.request
        ^^^^^^^^^^^^^^^^^^^^
    )
    ^
  File "C:\Users\samir\AppData\Local\Python\pythoncore-3.14-64\Lib\site-packages\httpcore\_async\connection.py", line 101, in handle_async_request
    raise exc
  File "C:\Users\samir\AppData\Local\Python\pythoncore-3.14-64\Lib\site-packages\httpcore\_async\connection.py", line 78, in handle_async_request
    stream = await self._connect(request)
             ^^^^^^^^^^^^^^^^^^^^^^^^^^^^
  File "C:\Users\samir\AppData\Local\Python\pythoncore-3.14-64\Lib\site-packages\httpcore\_async\connection.py", line 124, in _connect
    stream = await self._network_backend.connect_tcp(**kwargs)
             ^^^^^^^^^^^^^^^^^^^^^^^^^^^^^^^^^^^^^^^^^^^^^^^^^
  File "C:\Users\samir\AppData\Local\Python\pythoncore-3.14-64\Lib\site-packages\httpcore\_backends\auto.py", line 31, in connect_tcp
    return await self._backend.connect_tcp(
           ^^^^^^^^^^^^^^^^^^^^^^^^^^^^^^^^
    ...<5 lines>...
    )
    ^
  File "C:\Users\samir\AppData\Local\Python\pythoncore-3.14-64\Lib\site-packages\httpcore\_backends\anyio.py", line 113, in connect_tcp
    with map_exceptions(exc_map):
         ~~~~~~~~~~~~~~^^^^^^^^^
  File "C:\Users\samir\AppData\Local\Python\pythoncore-3.14-64\Lib\contextlib.py", line 162, in __exit__
    self.gen.throw(value)
    ~~~~~~~~~~~~~~^^^^^^^
  File "C:\Users\samir\AppData\Local\Python\pythoncore-3.14-64\Lib\site-packages\httpcore\_exceptions.py", line 14, in map_exceptions
    raise to_exc(exc) from exc
httpcore.ConnectError: [Errno 11001] getaddrinfo failed

The above exception was the direct cause of the following exception:

Traceback (most recent call last):
  File "C:\Users\samir\AppData\Local\Python\pythoncore-3.14-64\Lib\site-packages\telegram\request\_httpxrequest.py", line 279, in do_request
    res = await self._client.request(
          ^^^^^^^^^^^^^^^^^^^^^^^^^^^
    ...<6 lines>...
    )
    ^
  File "C:\Users\samir\AppData\Local\Python\pythoncore-3.14-64\Lib\site-packages\httpx\_client.py", line 1540, in request
    return await self.send(request, auth=auth, follow_redirects=follow_redirects)
           ^^^^^^^^^^^^^^^^^^^^^^^^^^^^^^^^^^^^^^^^^^^^^^^^^^^^^^^^^^^^^^^^^^^^^^
  File "C:\Users\samir\AppData\Local\Python\pythoncore-3.14-64\Lib\site-packages\httpx\_client.py", line 1629, in send
    response = await self._send_handling_auth(
               ^^^^^^^^^^^^^^^^^^^^^^^^^^^^^^^
    ...<4 lines>...
    )
    ^
  File "C:\Users\samir\AppData\Local\Python\pythoncore-3.14-64\Lib\site-packages\httpx\_client.py", line 1657, in _send_handling_auth
    response = await self._send_handling_redirects(
               ^^^^^^^^^^^^^^^^^^^^^^^^^^^^^^^^^^^^
    ...<3 lines>...
    )
    ^
  File "C:\Users\samir\AppData\Local\Python\pythoncore-3.14-64\Lib\site-packages\httpx\_client.py", line 1694, in _send_handling_redirects
    response = await self._send_single_request(request)
               ^^^^^^^^^^^^^^^^^^^^^^^^^^^^^^^^^^^^^^^^
  File "C:\Users\samir\AppData\Local\Python\pythoncore-3.14-64\Lib\site-packages\httpx\_client.py", line 1730, in _send_single_request
    response = await transport.handle_async_request(request)
               ^^^^^^^^^^^^^^^^^^^^^^^^^^^^^^^^^^^^^^^^^^^^^
  File "C:\Users\samir\AppData\Local\Python\pythoncore-3.14-64\Lib\site-packages\httpx\_transports\default.py", line 393, in handle_async_request
    with map_httpcore_exceptions():
         ~~~~~~~~~~~~~~~~~~~~~~~^^
  File "C:\Users\samir\AppData\Local\Python\pythoncore-3.14-64\Lib\contextlib.py", line 162, in __exit__
    self.gen.throw(value)
    ~~~~~~~~~~~~~~^^^^^^^
  File "C:\Users\samir\AppData\Local\Python\pythoncore-3.14-64\Lib\site-packages\httpx\_transports\default.py", line 118, in map_httpcore_exceptions
    raise mapped_exc(message) from exc
httpx.ConnectError: [Errno 11001] getaddrinfo failed

The above exception was the direct cause of the following exception:

Traceback (most recent call last):
  File "C:\Users\samir\AppData\Local\Python\pythoncore-3.14-64\Lib\site-packages\telegram\ext\_utils\networkloop.py", line 161, in network_retry_loop
    await do_action()
  File "C:\Users\samir\AppData\Local\Python\pythoncore-3.14-64\Lib\site-packages\telegram\ext\_utils\networkloop.py", line 154, in do_action
    action_cb_task.result()
    ~~~~~~~~~~~~~~~~~~~~~^^
  File "C:\Users\samir\AppData\Local\Python\pythoncore-3.14-64\Lib\site-packages\telegram\ext\_updater.py", line 340, in polling_action_cb
    updates = await self.bot.get_updates(
              ^^^^^^^^^^^^^^^^^^^^^^^^^^^
    ...<3 lines>...
    )
    ^
  File "C:\Users\samir\AppData\Local\Python\pythoncore-3.14-64\Lib\site-packages\telegram\ext\_extbot.py", line 680, in get_updates
    updates = await super().get_updates(
              ^^^^^^^^^^^^^^^^^^^^^^^^^^
    ...<9 lines>...
    )
    ^
  File "C:\Users\samir\AppData\Local\Python\pythoncore-3.14-64\Lib\site-packages\telegram\_bot.py", line 4767, in get_updates
    await self._post(
    ^^^^^^^^^^^^^^^^^
    ...<7 lines>...
    ),
    ^
  File "C:\Users\samir\AppData\Local\Python\pythoncore-3.14-64\Lib\site-packages\telegram\_bot.py", line 712, in _post
    return await self._do_post(
           ^^^^^^^^^^^^^^^^^^^^
    ...<6 lines>...
    )
    ^
  File "C:\Users\samir\AppData\Local\Python\pythoncore-3.14-64\Lib\site-packages\telegram\ext\_extbot.py", line 378, in _do_post
    return await super()._do_post(
           ^^^^^^^^^^^^^^^^^^^^^^^
    ...<6 lines>...
    )
    ^
  File "C:\Users\samir\AppData\Local\Python\pythoncore-3.14-64\Lib\site-packages\telegram\_bot.py", line 741, in _do_post
    result = await request.post(
             ^^^^^^^^^^^^^^^^^^^
    ...<6 lines>...
    )
    ^
  File "C:\Users\samir\AppData\Local\Python\pythoncore-3.14-64\Lib\site-packages\telegram\request\_baserequest.py", line 198, in post
    result = await self._request_wrapper(
             ^^^^^^^^^^^^^^^^^^^^^^^^^^^^
    ...<7 lines>...
    )
    ^
  File "C:\Users\samir\AppData\Local\Python\pythoncore-3.14-64\Lib\site-packages\telegram\request\_baserequest.py", line 305, in _request_wrapper
    code, payload = await self.do_request(
                    ^^^^^^^^^^^^^^^^^^^^^^
    ...<7 lines>...
    )
    ^
  File "C:\Users\samir\AppData\Local\Python\pythoncore-3.14-64\Lib\site-packages\telegram\request\_httpxrequest.py", line 303, in do_request
    raise NetworkError(f"httpx.{err.__class__.__name__}: {err}") from err
telegram.error.NetworkError: httpx.ConnectError: [Errno 11001] getaddrinfo failed
2026-08-21 23:23:19,201 - ERROR - No error handlers are registered, logging exception.
Traceback (most recent call last):
  File "C:\Users\samir\AppData\Local\Python\pythoncore-3.14-64\Lib\site-packages\httpx\_transports\default.py", line 101, in map_httpcore_exceptions
    yield
  File "C:\Users\samir\AppData\Local\Python\pythoncore-3.14-64\Lib\site-packages\httpx\_transports\default.py", line 394, in handle_async_request
    resp = await self._pool.handle_async_request(req)
           ^^^^^^^^^^^^^^^^^^^^^^^^^^^^^^^^^^^^^^^^^^
  File "C:\Users\samir\AppData\Local\Python\pythoncore-3.14-64\Lib\site-packages\httpcore\_async\connection_pool.py", line 256, in handle_async_request
    raise exc from None
  File "C:\Users\samir\AppData\Local\Python\pythoncore-3.14-64\Lib\site-packages\httpcore\_async\connection_pool.py", line 236, in handle_async_request
    response = await connection.handle_async_request(
               ^^^^^^^^^^^^^^^^^^^^^^^^^^^^^^^^^^^^^^
        pool_request.request
        ^^^^^^^^^^^^^^^^^^^^
    )
    ^
  File "C:\Users\samir\AppData\Local\Python\pythoncore-3.14-64\Lib\site-packages\httpcore\_async\connection.py", line 101, in handle_async_request
    raise exc
  File "C:\Users\samir\AppData\Local\Python\pythoncore-3.14-64\Lib\site-packages\httpcore\_async\connection.py", line 78, in handle_async_request
    stream = await self._connect(request)
             ^^^^^^^^^^^^^^^^^^^^^^^^^^^^
  File "C:\Users\samir\AppData\Local\Python\pythoncore-3.14-64\Lib\site-packages\httpcore\_async\connection.py", line 124, in _connect
    stream = await self._network_backend.connect_tcp(**kwargs)
             ^^^^^^^^^^^^^^^^^^^^^^^^^^^^^^^^^^^^^^^^^^^^^^^^^
  File "C:\Users\samir\AppData\Local\Python\pythoncore-3.14-64\Lib\site-packages\httpcore\_backends\auto.py", line 31, in connect_tcp
    return await self._backend.connect_tcp(
           ^^^^^^^^^^^^^^^^^^^^^^^^^^^^^^^^
    ...<5 lines>...
    )
    ^
  File "C:\Users\samir\AppData\Local\Python\pythoncore-3.14-64\Lib\site-packages\httpcore\_backends\anyio.py", line 113, in connect_tcp
    with map_exceptions(exc_map):
         ~~~~~~~~~~~~~~^^^^^^^^^
  File "C:\Users\samir\AppData\Local\Python\pythoncore-3.14-64\Lib\contextlib.py", line 162, in __exit__
    self.gen.throw(value)
    ~~~~~~~~~~~~~~^^^^^^^
  File "C:\Users\samir\AppData\Local\Python\pythoncore-3.14-64\Lib\site-packages\httpcore\_exceptions.py", line 14, in map_exceptions
    raise to_exc(exc) from exc
httpcore.ConnectError: [Errno 11001] getaddrinfo failed

The above exception was the direct cause of the following exception:

Traceback (most recent call last):
  File "C:\Users\samir\AppData\Local\Python\pythoncore-3.14-64\Lib\site-packages\telegram\request\_httpxrequest.py", line 279, in do_request
    res = await self._client.request(
          ^^^^^^^^^^^^^^^^^^^^^^^^^^^
    ...<6 lines>...
    )
    ^
  File "C:\Users\samir\AppData\Local\Python\pythoncore-3.14-64\Lib\site-packages\httpx\_client.py", line 1540, in request
    return await self.send(request, auth=auth, follow_redirects=follow_redirects)
           ^^^^^^^^^^^^^^^^^^^^^^^^^^^^^^^^^^^^^^^^^^^^^^^^^^^^^^^^^^^^^^^^^^^^^^
  File "C:\Users\samir\AppData\Local\Python\pythoncore-3.14-64\Lib\site-packages\httpx\_client.py", line 1629, in send
    response = await self._send_handling_auth(
               ^^^^^^^^^^^^^^^^^^^^^^^^^^^^^^^
    ...<4 lines>...
    )
    ^
  File "C:\Users\samir\AppData\Local\Python\pythoncore-3.14-64\Lib\site-packages\httpx\_client.py", line 1657, in _send_handling_auth
    response = await self._send_handling_redirects(
               ^^^^^^^^^^^^^^^^^^^^^^^^^^^^^^^^^^^^
    ...<3 lines>...
    )
    ^
  File "C:\Users\samir\AppData\Local\Python\pythoncore-3.14-64\Lib\site-packages\httpx\_client.py", line 1694, in _send_handling_redirects
    response = await self._send_single_request(request)
               ^^^^^^^^^^^^^^^^^^^^^^^^^^^^^^^^^^^^^^^^
  File "C:\Users\samir\AppData\Local\Python\pythoncore-3.14-64\Lib\site-packages\httpx\_client.py", line 1730, in _send_single_request
    response = await transport.handle_async_request(request)
               ^^^^^^^^^^^^^^^^^^^^^^^^^^^^^^^^^^^^^^^^^^^^^
  File "C:\Users\samir\AppData\Local\Python\pythoncore-3.14-64\Lib\site-packages\httpx\_transports\default.py", line 393, in handle_async_request
    with map_httpcore_exceptions():
         ~~~~~~~~~~~~~~~~~~~~~~~^^
  File "C:\Users\samir\AppData\Local\Python\pythoncore-3.14-64\Lib\contextlib.py", line 162, in __exit__
    self.gen.throw(value)
    ~~~~~~~~~~~~~~^^^^^^^
  File "C:\Users\samir\AppData\Local\Python\pythoncore-3.14-64\Lib\site-packages\httpx\_transports\default.py", line 118, in map_httpcore_exceptions
    raise mapped_exc(message) from exc
httpx.ConnectError: [Errno 11001] getaddrinfo failed

The above exception was the direct cause of the following exception:

Traceback (most recent call last):
  File "C:\Users\samir\AppData\Local\Python\pythoncore-3.14-64\Lib\site-packages\telegram\ext\_utils\networkloop.py", line 161, in network_retry_loop
    await do_action()
  File "C:\Users\samir\AppData\Local\Python\pythoncore-3.14-64\Lib\site-packages\telegram\ext\_utils\networkloop.py", line 154, in do_action
    action_cb_task.result()
    ~~~~~~~~~~~~~~~~~~~~~^^
  File "C:\Users\samir\AppData\Local\Python\pythoncore-3.14-64\Lib\site-packages\telegram\ext\_updater.py", line 340, in polling_action_cb
    updates = await self.bot.get_updates(
              ^^^^^^^^^^^^^^^^^^^^^^^^^^^
    ...<3 lines>...
    )
    ^
  File "C:\Users\samir\AppData\Local\Python\pythoncore-3.14-64\Lib\site-packages\telegram\ext\_extbot.py", line 680, in get_updates
    updates = await super().get_updates(
              ^^^^^^^^^^^^^^^^^^^^^^^^^^
    ...<9 lines>...
    )
    ^
  File "C:\Users\samir\AppData\Local\Python\pythoncore-3.14-64\Lib\site-packages\telegram\_bot.py", line 4767, in get_updates
    await self._post(
    ^^^^^^^^^^^^^^^^^
    ...<7 lines>...
    ),
    ^
  File "C:\Users\samir\AppData\Local\Python\pythoncore-3.14-64\Lib\site-packages\telegram\_bot.py", line 712, in _post
    return await self._do_post(
           ^^^^^^^^^^^^^^^^^^^^
    ...<6 lines>...
    )
    ^
  File "C:\Users\samir\AppData\Local\Python\pythoncore-3.14-64\Lib\site-packages\telegram\ext\_extbot.py", line 378, in _do_post
    return await super()._do_post(
           ^^^^^^^^^^^^^^^^^^^^^^^
    ...<6 lines>...
    )
    ^
  File "C:\Users\samir\AppData\Local\Python\pythoncore-3.14-64\Lib\site-packages\telegram\_bot.py", line 741, in _do_post
    result = await request.post(
             ^^^^^^^^^^^^^^^^^^^
    ...<6 lines>...
    )
    ^
  File "C:\Users\samir\AppData\Local\Python\pythoncore-3.14-64\Lib\site-packages\telegram\request\_baserequest.py", line 198, in post
    result = await self._request_wrapper(
             ^^^^^^^^^^^^^^^^^^^^^^^^^^^^
    ...<7 lines>...
    )
    ^
  File "C:\Users\samir\AppData\Local\Python\pythoncore-3.14-64\Lib\site-packages\telegram\request\_baserequest.py", line 305, in _request_wrapper
    code, payload = await self.do_request(
                    ^^^^^^^^^^^^^^^^^^^^^^
    ...<7 lines>...
    )
    ^
  File "C:\Users\samir\AppData\Local\Python\pythoncore-3.14-64\Lib\site-packages\telegram\request\_httpxrequest.py", line 303, in do_request
    raise NetworkError(f"httpx.{err.__class__.__name__}: {err}") from err
telegram.error.NetworkError: httpx.ConnectError: [Errno 11001] getaddrinfo failed
2026-08-21 23:23:24,276 - ERROR - No error handlers are registered, logging exception.
Traceback (most recent call last):
  File "C:\Users\samir\AppData\Local\Python\pythoncore-3.14-64\Lib\site-packages\httpx\_transports\default.py", line 101, in map_httpcore_exceptions
    yield
  File "C:\Users\samir\AppData\Local\Python\pythoncore-3.14-64\Lib\site-packages\httpx\_transports\default.py", line 394, in handle_async_request
    resp = await self._pool.handle_async_request(req)
           ^^^^^^^^^^^^^^^^^^^^^^^^^^^^^^^^^^^^^^^^^^
  File "C:\Users\samir\AppData\Local\Python\pythoncore-3.14-64\Lib\site-packages\httpcore\_async\connection_pool.py", line 256, in handle_async_request
    raise exc from None
  File "C:\Users\samir\AppData\Local\Python\pythoncore-3.14-64\Lib\site-packages\httpcore\_async\connection_pool.py", line 236, in handle_async_request
    response = await connection.handle_async_request(
               ^^^^^^^^^^^^^^^^^^^^^^^^^^^^^^^^^^^^^^
        pool_request.request
        ^^^^^^^^^^^^^^^^^^^^
    )
    ^
  File "C:\Users\samir\AppData\Local\Python\pythoncore-3.14-64\Lib\site-packages\httpcore\_async\connection.py", line 101, in handle_async_request
    raise exc
  File "C:\Users\samir\AppData\Local\Python\pythoncore-3.14-64\Lib\site-packages\httpcore\_async\connection.py", line 78, in handle_async_request
    stream = await self._connect(request)
             ^^^^^^^^^^^^^^^^^^^^^^^^^^^^
  File "C:\Users\samir\AppData\Local\Python\pythoncore-3.14-64\Lib\site-packages\httpcore\_async\connection.py", line 124, in _connect
    stream = await self._network_backend.connect_tcp(**kwargs)
             ^^^^^^^^^^^^^^^^^^^^^^^^^^^^^^^^^^^^^^^^^^^^^^^^^
  File "C:\Users\samir\AppData\Local\Python\pythoncore-3.14-64\Lib\site-packages\httpcore\_backends\auto.py", line 31, in connect_tcp
    return await self._backend.connect_tcp(
           ^^^^^^^^^^^^^^^^^^^^^^^^^^^^^^^^
    ...<5 lines>...
    )
    ^
  File "C:\Users\samir\AppData\Local\Python\pythoncore-3.14-64\Lib\site-packages\httpcore\_backends\anyio.py", line 113, in connect_tcp
    with map_exceptions(exc_map):
         ~~~~~~~~~~~~~~^^^^^^^^^
  File "C:\Users\samir\AppData\Local\Python\pythoncore-3.14-64\Lib\contextlib.py", line 162, in __exit__
    self.gen.throw(value)
    ~~~~~~~~~~~~~~^^^^^^^
  File "C:\Users\samir\AppData\Local\Python\pythoncore-3.14-64\Lib\site-packages\httpcore\_exceptions.py", line 14, in map_exceptions
    raise to_exc(exc) from exc
httpcore.ConnectError: [Errno 11001] getaddrinfo failed

The above exception was the direct cause of the following exception:

Traceback (most recent call last):
  File "C:\Users\samir\AppData\Local\Python\pythoncore-3.14-64\Lib\site-packages\telegram\request\_httpxrequest.py", line 279, in do_request
    res = await self._client.request(
          ^^^^^^^^^^^^^^^^^^^^^^^^^^^
    ...<6 lines>...
    )
    ^
  File "C:\Users\samir\AppData\Local\Python\pythoncore-3.14-64\Lib\site-packages\httpx\_client.py", line 1540, in request
    return await self.send(request, auth=auth, follow_redirects=follow_redirects)
           ^^^^^^^^^^^^^^^^^^^^^^^^^^^^^^^^^^^^^^^^^^^^^^^^^^^^^^^^^^^^^^^^^^^^^^
  File "C:\Users\samir\AppData\Local\Python\pythoncore-3.14-64\Lib\site-packages\httpx\_client.py", line 1629, in send
    response = await self._send_handling_auth(
               ^^^^^^^^^^^^^^^^^^^^^^^^^^^^^^^
    ...<4 lines>...
    )
    ^
  File "C:\Users\samir\AppData\Local\Python\pythoncore-3.14-64\Lib\site-packages\httpx\_client.py", line 1657, in _send_handling_auth
    response = await self._send_handling_redirects(
               ^^^^^^^^^^^^^^^^^^^^^^^^^^^^^^^^^^^^
    ...<3 lines>...
    )
    ^
  File "C:\Users\samir\AppData\Local\Python\pythoncore-3.14-64\Lib\site-packages\httpx\_client.py", line 1694, in _send_handling_redirects
    response = await self._send_single_request(request)
               ^^^^^^^^^^^^^^^^^^^^^^^^^^^^^^^^^^^^^^^^
  File "C:\Users\samir\AppData\Local\Python\pythoncore-3.14-64\Lib\site-packages\httpx\_client.py", line 1730, in _send_single_request
    response = await transport.handle_async_request(request)
               ^^^^^^^^^^^^^^^^^^^^^^^^^^^^^^^^^^^^^^^^^^^^^
  File "C:\Users\samir\AppData\Local\Python\pythoncore-3.14-64\Lib\site-packages\httpx\_transports\default.py", line 393, in handle_async_request
    with map_httpcore_exceptions():
         ~~~~~~~~~~~~~~~~~~~~~~~^^
  File "C:\Users\samir\AppData\Local\Python\pythoncore-3.14-64\Lib\contextlib.py", line 162, in __exit__
    self.gen.throw(value)
    ~~~~~~~~~~~~~~^^^^^^^
  File "C:\Users\samir\AppData\Local\Python\pythoncore-3.14-64\Lib\site-packages\httpx\_transports\default.py", line 118, in map_httpcore_exceptions
    raise mapped_exc(message) from exc
httpx.ConnectError: [Errno 11001] getaddrinfo failed

The above exception was the direct cause of the following exception:

Traceback (most recent call last):
  File "C:\Users\samir\AppData\Local\Python\pythoncore-3.14-64\Lib\site-packages\telegram\ext\_utils\networkloop.py", line 161, in network_retry_loop
    await do_action()
  File "C:\Users\samir\AppData\Local\Python\pythoncore-3.14-64\Lib\site-packages\telegram\ext\_utils\networkloop.py", line 154, in do_action
    action_cb_task.result()
    ~~~~~~~~~~~~~~~~~~~~~^^
  File "C:\Users\samir\AppData\Local\Python\pythoncore-3.14-64\Lib\site-packages\telegram\ext\_updater.py", line 340, in polling_action_cb
    updates = await self.bot.get_updates(
              ^^^^^^^^^^^^^^^^^^^^^^^^^^^
    ...<3 lines>...
    )
    ^
  File "C:\Users\samir\AppData\Local\Python\pythoncore-3.14-64\Lib\site-packages\telegram\ext\_extbot.py", line 680, in get_updates
    updates = await super().get_updates(
              ^^^^^^^^^^^^^^^^^^^^^^^^^^
    ...<9 lines>...
    )
    ^
  File "C:\Users\samir\AppData\Local\Python\pythoncore-3.14-64\Lib\site-packages\telegram\_bot.py", line 4767, in get_updates
    await self._post(
    ^^^^^^^^^^^^^^^^^
    ...<7 lines>...
    ),
    ^
  File "C:\Users\samir\AppData\Local\Python\pythoncore-3.14-64\Lib\site-packages\telegram\_bot.py", line 712, in _post
    return await self._do_post(
           ^^^^^^^^^^^^^^^^^^^^
    ...<6 lines>...
    )
    ^
  File "C:\Users\samir\AppData\Local\Python\pythoncore-3.14-64\Lib\site-packages\telegram\ext\_extbot.py", line 378, in _do_post
    return await super()._do_post(
           ^^^^^^^^^^^^^^^^^^^^^^^
    ...<6 lines>...
    )
    ^
  File "C:\Users\samir\AppData\Local\Python\pythoncore-3.14-64\Lib\site-packages\telegram\_bot.py", line 741, in _do_post
    result = await request.post(
             ^^^^^^^^^^^^^^^^^^^
    ...<6 lines>...
    )
    ^
  File "C:\Users\samir\AppData\Local\Python\pythoncore-3.14-64\Lib\site-packages\telegram\request\_baserequest.py", line 198, in post
    result = await self._request_wrapper(
             ^^^^^^^^^^^^^^^^^^^^^^^^^^^^
    ...<7 lines>...
    )
    ^
  File "C:\Users\samir\AppData\Local\Python\pythoncore-3.14-64\Lib\site-packages\telegram\request\_baserequest.py", line 305, in _request_wrapper
    code, payload = await self.do_request(
                    ^^^^^^^^^^^^^^^^^^^^^^
    ...<7 lines>...
    )
    ^
  File "C:\Users\samir\AppData\Local\Python\pythoncore-3.14-64\Lib\site-packages\telegram\request\_httpxrequest.py", line 303, in do_request
    raise NetworkError(f"httpx.{err.__class__.__name__}: {err}") from err
telegram.error.NetworkError: httpx.ConnectError: [Errno 11001] getaddrinfo failed
2026-08-21 23:23:31,882 - ERROR - No error handlers are registered, logging exception.
Traceback (most recent call last):
  File "C:\Users\samir\AppData\Local\Python\pythoncore-3.14-64\Lib\site-packages\httpx\_transports\default.py", line 101, in map_httpcore_exceptions
    yield
  File "C:\Users\samir\AppData\Local\Python\pythoncore-3.14-64\Lib\site-packages\httpx\_transports\default.py", line 394, in handle_async_request
    resp = await self._pool.handle_async_request(req)
           ^^^^^^^^^^^^^^^^^^^^^^^^^^^^^^^^^^^^^^^^^^
  File "C:\Users\samir\AppData\Local\Python\pythoncore-3.14-64\Lib\site-packages\httpcore\_async\connection_pool.py", line 256, in handle_async_request
    raise exc from None
  File "C:\Users\samir\AppData\Local\Python\pythoncore-3.14-64\Lib\site-packages\httpcore\_async\connection_pool.py", line 236, in handle_async_request
    response = await connection.handle_async_request(
               ^^^^^^^^^^^^^^^^^^^^^^^^^^^^^^^^^^^^^^
        pool_request.request
        ^^^^^^^^^^^^^^^^^^^^
    )
    ^
  File "C:\Users\samir\AppData\Local\Python\pythoncore-3.14-64\Lib\site-packages\httpcore\_async\connection.py", line 101, in handle_async_request
    raise exc
  File "C:\Users\samir\AppData\Local\Python\pythoncore-3.14-64\Lib\site-packages\httpcore\_async\connection.py", line 78, in handle_async_request
    stream = await self._connect(request)
             ^^^^^^^^^^^^^^^^^^^^^^^^^^^^
  File "C:\Users\samir\AppData\Local\Python\pythoncore-3.14-64\Lib\site-packages\httpcore\_async\connection.py", line 124, in _connect
    stream = await self._network_backend.connect_tcp(**kwargs)
             ^^^^^^^^^^^^^^^^^^^^^^^^^^^^^^^^^^^^^^^^^^^^^^^^^
  File "C:\Users\samir\AppData\Local\Python\pythoncore-3.14-64\Lib\site-packages\httpcore\_backends\auto.py", line 31, in connect_tcp
    return await self._backend.connect_tcp(
           ^^^^^^^^^^^^^^^^^^^^^^^^^^^^^^^^
    ...<5 lines>...
    )
    ^
  File "C:\Users\samir\AppData\Local\Python\pythoncore-3.14-64\Lib\site-packages\httpcore\_backends\anyio.py", line 113, in connect_tcp
    with map_exceptions(exc_map):
         ~~~~~~~~~~~~~~^^^^^^^^^
  File "C:\Users\samir\AppData\Local\Python\pythoncore-3.14-64\Lib\contextlib.py", line 162, in __exit__
    self.gen.throw(value)
    ~~~~~~~~~~~~~~^^^^^^^
  File "C:\Users\samir\AppData\Local\Python\pythoncore-3.14-64\Lib\site-packages\httpcore\_exceptions.py", line 14, in map_exceptions
    raise to_exc(exc) from exc
httpcore.ConnectError: [Errno 11001] getaddrinfo failed

The above exception was the direct cause of the following exception:

Traceback (most recent call last):
  File "C:\Users\samir\AppData\Local\Python\pythoncore-3.14-64\Lib\site-packages\telegram\request\_httpxrequest.py", line 279, in do_request
    res = await self._client.request(
          ^^^^^^^^^^^^^^^^^^^^^^^^^^^
    ...<6 lines>...
    )
    ^
  File "C:\Users\samir\AppData\Local\Python\pythoncore-3.14-64\Lib\site-packages\httpx\_client.py", line 1540, in request
    return await self.send(request, auth=auth, follow_redirects=follow_redirects)
           ^^^^^^^^^^^^^^^^^^^^^^^^^^^^^^^^^^^^^^^^^^^^^^^^^^^^^^^^^^^^^^^^^^^^^^
  File "C:\Users\samir\AppData\Local\Python\pythoncore-3.14-64\Lib\site-packages\httpx\_client.py", line 1629, in send
    response = await self._send_handling_auth(
               ^^^^^^^^^^^^^^^^^^^^^^^^^^^^^^^
    ...<4 lines>...
    )
    ^
  File "C:\Users\samir\AppData\Local\Python\pythoncore-3.14-64\Lib\site-packages\httpx\_client.py", line 1657, in _send_handling_auth
    response = await self._send_handling_redirects(
               ^^^^^^^^^^^^^^^^^^^^^^^^^^^^^^^^^^^^
    ...<3 lines>...
    )
    ^
  File "C:\Users\samir\AppData\Local\Python\pythoncore-3.14-64\Lib\site-packages\httpx\_client.py", line 1694, in _send_handling_redirects
    response = await self._send_single_request(request)
               ^^^^^^^^^^^^^^^^^^^^^^^^^^^^^^^^^^^^^^^^
  File "C:\Users\samir\AppData\Local\Python\pythoncore-3.14-64\Lib\site-packages\httpx\_client.py", line 1730, in _send_single_request
    response = await transport.handle_async_request(request)
               ^^^^^^^^^^^^^^^^^^^^^^^^^^^^^^^^^^^^^^^^^^^^^
  File "C:\Users\samir\AppData\Local\Python\pythoncore-3.14-64\Lib\site-packages\httpx\_transports\default.py", line 393, in handle_async_request
    with map_httpcore_exceptions():
         ~~~~~~~~~~~~~~~~~~~~~~~^^
  File "C:\Users\samir\AppData\Local\Python\pythoncore-3.14-64\Lib\contextlib.py", line 162, in __exit__
    self.gen.throw(value)
    ~~~~~~~~~~~~~~^^^^^^^
  File "C:\Users\samir\AppData\Local\Python\pythoncore-3.14-64\Lib\site-packages\httpx\_transports\default.py", line 118, in map_httpcore_exceptions
    raise mapped_exc(message) from exc
httpx.ConnectError: [Errno 11001] getaddrinfo failed

The above exception was the direct cause of the following exception:

Traceback (most recent call last):
  File "C:\Users\samir\AppData\Local\Python\pythoncore-3.14-64\Lib\site-packages\telegram\ext\_utils\networkloop.py", line 161, in network_retry_loop
    await do_action()
  File "C:\Users\samir\AppData\Local\Python\pythoncore-3.14-64\Lib\site-packages\telegram\ext\_utils\networkloop.py", line 154, in do_action
    action_cb_task.result()
    ~~~~~~~~~~~~~~~~~~~~~^^
  File "C:\Users\samir\AppData\Local\Python\pythoncore-3.14-64\Lib\site-packages\telegram\ext\_updater.py", line 340, in polling_action_cb
    updates = await self.bot.get_updates(
              ^^^^^^^^^^^^^^^^^^^^^^^^^^^
    ...<3 lines>...
    )
    ^
  File "C:\Users\samir\AppData\Local\Python\pythoncore-3.14-64\Lib\site-packages\telegram\ext\_extbot.py", line 680, in get_updates
    updates = await super().get_updates(
              ^^^^^^^^^^^^^^^^^^^^^^^^^^
    ...<9 lines>...
    )
    ^
  File "C:\Users\samir\AppData\Local\Python\pythoncore-3.14-64\Lib\site-packages\telegram\_bot.py", line 4767, in get_updates
    await self._post(
    ^^^^^^^^^^^^^^^^^
    ...<7 lines>...
    ),
    ^
  File "C:\Users\samir\AppData\Local\Python\pythoncore-3.14-64\Lib\site-packages\telegram\_bot.py", line 712, in _post
    return await self._do_post(
           ^^^^^^^^^^^^^^^^^^^^
    ...<6 lines>...
    )
    ^
  File "C:\Users\samir\AppData\Local\Python\pythoncore-3.14-64\Lib\site-packages\telegram\ext\_extbot.py", line 378, in _do_post
    return await super()._do_post(
           ^^^^^^^^^^^^^^^^^^^^^^^
    ...<6 lines>...
    )
    ^
  File "C:\Users\samir\AppData\Local\Python\pythoncore-3.14-64\Lib\site-packages\telegram\_bot.py", line 741, in _do_post
    result = await request.post(
             ^^^^^^^^^^^^^^^^^^^
    ...<6 lines>...
    )
    ^
  File "C:\Users\samir\AppData\Local\Python\pythoncore-3.14-64\Lib\site-packages\telegram\request\_baserequest.py", line 198, in post
    result = await self._request_wrapper(
             ^^^^^^^^^^^^^^^^^^^^^^^^^^^^
    ...<7 lines>...
    )
    ^
  File "C:\Users\samir\AppData\Local\Python\pythoncore-3.14-64\Lib\site-packages\telegram\request\_baserequest.py", line 305, in _request_wrapper
    code, payload = await self.do_request(
                    ^^^^^^^^^^^^^^^^^^^^^^
    ...<7 lines>...
    )
    ^
  File "C:\Users\samir\AppData\Local\Python\pythoncore-3.14-64\Lib\site-packages\telegram\request\_httpxrequest.py", line 303, in do_request
    raise NetworkError(f"httpx.{err.__class__.__name__}: {err}") from err
telegram.error.NetworkError: httpx.ConnectError: [Errno 11001] getaddrinfo failed
2026-08-21 23:23:43,280 - ERROR - No error handlers are registered, logging exception.
Traceback (most recent call last):
  File "C:\Users\samir\AppData\Local\Python\pythoncore-3.14-64\Lib\site-packages\httpx\_transports\default.py", line 101, in map_httpcore_exceptions
    yield
  File "C:\Users\samir\AppData\Local\Python\pythoncore-3.14-64\Lib\site-packages\httpx\_transports\default.py", line 394, in handle_async_request
    resp = await self._pool.handle_async_request(req)
           ^^^^^^^^^^^^^^^^^^^^^^^^^^^^^^^^^^^^^^^^^^
  File "C:\Users\samir\AppData\Local\Python\pythoncore-3.14-64\Lib\site-packages\httpcore\_async\connection_pool.py", line 256, in handle_async_request
    raise exc from None
  File "C:\Users\samir\AppData\Local\Python\pythoncore-3.14-64\Lib\site-packages\httpcore\_async\connection_pool.py", line 236, in handle_async_request
    response = await connection.handle_async_request(
               ^^^^^^^^^^^^^^^^^^^^^^^^^^^^^^^^^^^^^^
        pool_request.request
        ^^^^^^^^^^^^^^^^^^^^
    )
    ^
  File "C:\Users\samir\AppData\Local\Python\pythoncore-3.14-64\Lib\site-packages\httpcore\_async\connection.py", line 101, in handle_async_request
    raise exc
  File "C:\Users\samir\AppData\Local\Python\pythoncore-3.14-64\Lib\site-packages\httpcore\_async\connection.py", line 78, in handle_async_request
    stream = await self._connect(request)
             ^^^^^^^^^^^^^^^^^^^^^^^^^^^^
  File "C:\Users\samir\AppData\Local\Python\pythoncore-3.14-64\Lib\site-packages\httpcore\_async\connection.py", line 124, in _connect
    stream = await self._network_backend.connect_tcp(**kwargs)
             ^^^^^^^^^^^^^^^^^^^^^^^^^^^^^^^^^^^^^^^^^^^^^^^^^
  File "C:\Users\samir\AppData\Local\Python\pythoncore-3.14-64\Lib\site-packages\httpcore\_backends\auto.py", line 31, in connect_tcp
    return await self._backend.connect_tcp(
           ^^^^^^^^^^^^^^^^^^^^^^^^^^^^^^^^
    ...<5 lines>...
    )
    ^
  File "C:\Users\samir\AppData\Local\Python\pythoncore-3.14-64\Lib\site-packages\httpcore\_backends\anyio.py", line 113, in connect_tcp
    with map_exceptions(exc_map):
         ~~~~~~~~~~~~~~^^^^^^^^^
  File "C:\Users\samir\AppData\Local\Python\pythoncore-3.14-64\Lib\contextlib.py", line 162, in __exit__
    self.gen.throw(value)
    ~~~~~~~~~~~~~~^^^^^^^
  File "C:\Users\samir\AppData\Local\Python\pythoncore-3.14-64\Lib\site-packages\httpcore\_exceptions.py", line 14, in map_exceptions
    raise to_exc(exc) from exc
httpcore.ConnectError: [Errno 11001] getaddrinfo failed

The above exception was the direct cause of the following exception:

Traceback (most recent call last):
  File "C:\Users\samir\AppData\Local\Python\pythoncore-3.14-64\Lib\site-packages\telegram\request\_httpxrequest.py", line 279, in do_request
    res = await self._client.request(
          ^^^^^^^^^^^^^^^^^^^^^^^^^^^
    ...<6 lines>...
    )
    ^
  File "C:\Users\samir\AppData\Local\Python\pythoncore-3.14-64\Lib\site-packages\httpx\_client.py", line 1540, in request
    return await self.send(request, auth=auth, follow_redirects=follow_redirects)
           ^^^^^^^^^^^^^^^^^^^^^^^^^^^^^^^^^^^^^^^^^^^^^^^^^^^^^^^^^^^^^^^^^^^^^^
  File "C:\Users\samir\AppData\Local\Python\pythoncore-3.14-64\Lib\site-packages\httpx\_client.py", line 1629, in send
    response = await self._send_handling_auth(
               ^^^^^^^^^^^^^^^^^^^^^^^^^^^^^^^
    ...<4 lines>...
    )
    ^
  File "C:\Users\samir\AppData\Local\Python\pythoncore-3.14-64\Lib\site-packages\httpx\_client.py", line 1657, in _send_handling_auth
    response = await self._send_handling_redirects(
               ^^^^^^^^^^^^^^^^^^^^^^^^^^^^^^^^^^^^
    ...<3 lines>...
    )
    ^
  File "C:\Users\samir\AppData\Local\Python\pythoncore-3.14-64\Lib\site-packages\httpx\_client.py", line 1694, in _send_handling_redirects
    response = await self._send_single_request(request)
               ^^^^^^^^^^^^^^^^^^^^^^^^^^^^^^^^^^^^^^^^
  File "C:\Users\samir\AppData\Local\Python\pythoncore-3.14-64\Lib\site-packages\httpx\_client.py", line 1730, in _send_single_request
    response = await transport.handle_async_request(request)
               ^^^^^^^^^^^^^^^^^^^^^^^^^^^^^^^^^^^^^^^^^^^^^
  File "C:\Users\samir\AppData\Local\Python\pythoncore-3.14-64\Lib\site-packages\httpx\_transports\default.py", line 393, in handle_async_request
    with map_httpcore_exceptions():
         ~~~~~~~~~~~~~~~~~~~~~~~^^
  File "C:\Users\samir\AppData\Local\Python\pythoncore-3.14-64\Lib\contextlib.py", line 162, in __exit__
    self.gen.throw(value)
    ~~~~~~~~~~~~~~^^^^^^^
  File "C:\Users\samir\AppData\Local\Python\pythoncore-3.14-64\Lib\site-packages\httpx\_transports\default.py", line 118, in map_httpcore_exceptions
    raise mapped_exc(message) from exc
httpx.ConnectError: [Errno 11001] getaddrinfo failed

The above exception was the direct cause of the following exception:

Traceback (most recent call last):
  File "C:\Users\samir\AppData\Local\Python\pythoncore-3.14-64\Lib\site-packages\telegram\ext\_utils\networkloop.py", line 161, in network_retry_loop
    await do_action()
  File "C:\Users\samir\AppData\Local\Python\pythoncore-3.14-64\Lib\site-packages\telegram\ext\_utils\networkloop.py", line 154, in do_action
    action_cb_task.result()
    ~~~~~~~~~~~~~~~~~~~~~^^
  File "C:\Users\samir\AppData\Local\Python\pythoncore-3.14-64\Lib\site-packages\telegram\ext\_updater.py", line 340, in polling_action_cb
    updates = await self.bot.get_updates(
              ^^^^^^^^^^^^^^^^^^^^^^^^^^^
    ...<3 lines>...
    )
    ^
  File "C:\Users\samir\AppData\Local\Python\pythoncore-3.14-64\Lib\site-packages\telegram\ext\_extbot.py", line 680, in get_updates
    updates = await super().get_updates(
              ^^^^^^^^^^^^^^^^^^^^^^^^^^
    ...<9 lines>...
    )
    ^
  File "C:\Users\samir\AppData\Local\Python\pythoncore-3.14-64\Lib\site-packages\telegram\_bot.py", line 4767, in get_updates
    await self._post(
    ^^^^^^^^^^^^^^^^^
    ...<7 lines>...
    ),
    ^
  File "C:\Users\samir\AppData\Local\Python\pythoncore-3.14-64\Lib\site-packages\telegram\_bot.py", line 712, in _post
    return await self._do_post(
           ^^^^^^^^^^^^^^^^^^^^
    ...<6 lines>...
    )
    ^
  File "C:\Users\samir\AppData\Local\Python\pythoncore-3.14-64\Lib\site-packages\telegram\ext\_extbot.py", line 378, in _do_post
    return await super()._do_post(
           ^^^^^^^^^^^^^^^^^^^^^^^
    ...<6 lines>...
    )
    ^
  File "C:\Users\samir\AppData\Local\Python\pythoncore-3.14-64\Lib\site-packages\telegram\_bot.py", line 741, in _do_post
    result = await request.post(
             ^^^^^^^^^^^^^^^^^^^
    ...<6 lines>...
    )
    ^
  File "C:\Users\samir\AppData\Local\Python\pythoncore-3.14-64\Lib\site-packages\telegram\request\_baserequest.py", line 198, in post
    result = await self._request_wrapper(
             ^^^^^^^^^^^^^^^^^^^^^^^^^^^^
    ...<7 lines>...
    )
    ^
  File "C:\Users\samir\AppData\Local\Python\pythoncore-3.14-64\Lib\site-packages\telegram\request\_baserequest.py", line 305, in _request_wrapper
    code, payload = await self.do_request(
                    ^^^^^^^^^^^^^^^^^^^^^^
    ...<7 lines>...
    )
    ^
  File "C:\Users\samir\AppData\Local\Python\pythoncore-3.14-64\Lib\site-packages\telegram\request\_httpxrequest.py", line 303, in do_request
    raise NetworkError(f"httpx.{err.__class__.__name__}: {err}") from err
telegram.error.NetworkError: httpx.ConnectError: [Errno 11001] getaddrinfo failed
2026-08-21 23:24:00,374 - ERROR - No error handlers are registered, logging exception.
Traceback (most recent call last):
  File "C:\Users\samir\AppData\Local\Python\pythoncore-3.14-64\Lib\site-packages\httpx\_transports\default.py", line 101, in map_httpcore_exceptions
    yield
  File "C:\Users\samir\AppData\Local\Python\pythoncore-3.14-64\Lib\site-packages\httpx\_transports\default.py", line 394, in handle_async_request
    resp = await self._pool.handle_async_request(req)
           ^^^^^^^^^^^^^^^^^^^^^^^^^^^^^^^^^^^^^^^^^^
  File "C:\Users\samir\AppData\Local\Python\pythoncore-3.14-64\Lib\site-packages\httpcore\_async\connection_pool.py", line 256, in handle_async_request
    raise exc from None
  File "C:\Users\samir\AppData\Local\Python\pythoncore-3.14-64\Lib\site-packages\httpcore\_async\connection_pool.py", line 236, in handle_async_request
    response = await connection.handle_async_request(
               ^^^^^^^^^^^^^^^^^^^^^^^^^^^^^^^^^^^^^^
        pool_request.request
        ^^^^^^^^^^^^^^^^^^^^
    )
    ^
  File "C:\Users\samir\AppData\Local\Python\pythoncore-3.14-64\Lib\site-packages\httpcore\_async\connection.py", line 101, in handle_async_request
    raise exc
  File "C:\Users\samir\AppData\Local\Python\pythoncore-3.14-64\Lib\site-packages\httpcore\_async\connection.py", line 78, in handle_async_request
    stream = await self._connect(request)
             ^^^^^^^^^^^^^^^^^^^^^^^^^^^^
  File "C:\Users\samir\AppData\Local\Python\pythoncore-3.14-64\Lib\site-packages\httpcore\_async\connection.py", line 124, in _connect
    stream = await self._network_backend.connect_tcp(**kwargs)
             ^^^^^^^^^^^^^^^^^^^^^^^^^^^^^^^^^^^^^^^^^^^^^^^^^
  File "C:\Users\samir\AppData\Local\Python\pythoncore-3.14-64\Lib\site-packages\httpcore\_backends\auto.py", line 31, in connect_tcp
    return await self._backend.connect_tcp(
           ^^^^^^^^^^^^^^^^^^^^^^^^^^^^^^^^
    ...<5 lines>...
    )
    ^
  File "C:\Users\samir\AppData\Local\Python\pythoncore-3.14-64\Lib\site-packages\httpcore\_backends\anyio.py", line 113, in connect_tcp
    with map_exceptions(exc_map):
         ~~~~~~~~~~~~~~^^^^^^^^^
  File "C:\Users\samir\AppData\Local\Python\pythoncore-3.14-64\Lib\contextlib.py", line 162, in __exit__
    self.gen.throw(value)
    ~~~~~~~~~~~~~~^^^^^^^
  File "C:\Users\samir\AppData\Local\Python\pythoncore-3.14-64\Lib\site-packages\httpcore\_exceptions.py", line 14, in map_exceptions
    raise to_exc(exc) from exc
httpcore.ConnectError: [Errno 11001] getaddrinfo failed

The above exception was the direct cause of the following exception:

Traceback (most recent call last):
  File "C:\Users\samir\AppData\Local\Python\pythoncore-3.14-64\Lib\site-packages\telegram\request\_httpxrequest.py", line 279, in do_request
    res = await self._client.request(
          ^^^^^^^^^^^^^^^^^^^^^^^^^^^
    ...<6 lines>...
    )
    ^
  File "C:\Users\samir\AppData\Local\Python\pythoncore-3.14-64\Lib\site-packages\httpx\_client.py", line 1540, in request
    return await self.send(request, auth=auth, follow_redirects=follow_redirects)
           ^^^^^^^^^^^^^^^^^^^^^^^^^^^^^^^^^^^^^^^^^^^^^^^^^^^^^^^^^^^^^^^^^^^^^^
  File "C:\Users\samir\AppData\Local\Python\pythoncore-3.14-64\Lib\site-packages\httpx\_client.py", line 1629, in send
    response = await self._send_handling_auth(
               ^^^^^^^^^^^^^^^^^^^^^^^^^^^^^^^
    ...<4 lines>...
    )
    ^
  File "C:\Users\samir\AppData\Local\Python\pythoncore-3.14-64\Lib\site-packages\httpx\_client.py", line 1657, in _send_handling_auth
    response = await self._send_handling_redirects(
               ^^^^^^^^^^^^^^^^^^^^^^^^^^^^^^^^^^^^
    ...<3 lines>...
    )
    ^
  File "C:\Users\samir\AppData\Local\Python\pythoncore-3.14-64\Lib\site-packages\httpx\_client.py", line 1694, in _send_handling_redirects
    response = await self._send_single_request(request)
               ^^^^^^^^^^^^^^^^^^^^^^^^^^^^^^^^^^^^^^^^
  File "C:\Users\samir\AppData\Local\Python\pythoncore-3.14-64\Lib\site-packages\httpx\_client.py", line 1730, in _send_single_request
    response = await transport.handle_async_request(request)
               ^^^^^^^^^^^^^^^^^^^^^^^^^^^^^^^^^^^^^^^^^^^^^
  File "C:\Users\samir\AppData\Local\Python\pythoncore-3.14-64\Lib\site-packages\httpx\_transports\default.py", line 393, in handle_async_request
    with map_httpcore_exceptions():
         ~~~~~~~~~~~~~~~~~~~~~~~^^
  File "C:\Users\samir\AppData\Local\Python\pythoncore-3.14-64\Lib\contextlib.py", line 162, in __exit__
    self.gen.throw(value)
    ~~~~~~~~~~~~~~^^^^^^^
  File "C:\Users\samir\AppData\Local\Python\pythoncore-3.14-64\Lib\site-packages\httpx\_transports\default.py", line 118, in map_httpcore_exceptions
    raise mapped_exc(message) from exc
httpx.ConnectError: [Errno 11001] getaddrinfo failed

The above exception was the direct cause of the following exception:

Traceback (most recent call last):
  File "C:\Users\samir\AppData\Local\Python\pythoncore-3.14-64\Lib\site-packages\telegram\ext\_utils\networkloop.py", line 161, in network_retry_loop
    await do_action()
  File "C:\Users\samir\AppData\Local\Python\pythoncore-3.14-64\Lib\site-packages\telegram\ext\_utils\networkloop.py", line 154, in do_action
    action_cb_task.result()
    ~~~~~~~~~~~~~~~~~~~~~^^
  File "C:\Users\samir\AppData\Local\Python\pythoncore-3.14-64\Lib\site-packages\telegram\ext\_updater.py", line 340, in polling_action_cb
    updates = await self.bot.get_updates(
              ^^^^^^^^^^^^^^^^^^^^^^^^^^^
    ...<3 lines>...
    )
    ^
  File "C:\Users\samir\AppData\Local\Python\pythoncore-3.14-64\Lib\site-packages\telegram\ext\_extbot.py", line 680, in get_updates
    updates = await super().get_updates(
              ^^^^^^^^^^^^^^^^^^^^^^^^^^
    ...<9 lines>...
    )
    ^
  File "C:\Users\samir\AppData\Local\Python\pythoncore-3.14-64\Lib\site-packages\telegram\_bot.py", line 4767, in get_updates
    await self._post(
    ^^^^^^^^^^^^^^^^^
    ...<7 lines>...
    ),
    ^
  File "C:\Users\samir\AppData\Local\Python\pythoncore-3.14-64\Lib\site-packages\telegram\_bot.py", line 712, in _post
    return await self._do_post(
           ^^^^^^^^^^^^^^^^^^^^
    ...<6 lines>...
    )
    ^
  File "C:\Users\samir\AppData\Local\Python\pythoncore-3.14-64\Lib\site-packages\telegram\ext\_extbot.py", line 378, in _do_post
    return await super()._do_post(
           ^^^^^^^^^^^^^^^^^^^^^^^
    ...<6 lines>...
    )
    ^
  File "C:\Users\samir\AppData\Local\Python\pythoncore-3.14-64\Lib\site-packages\telegram\_bot.py", line 741, in _do_post
    result = await request.post(
             ^^^^^^^^^^^^^^^^^^^
    ...<6 lines>...
    )
    ^
  File "C:\Users\samir\AppData\Local\Python\pythoncore-3.14-64\Lib\site-packages\telegram\request\_baserequest.py", line 198, in post
    result = await self._request_wrapper(
             ^^^^^^^^^^^^^^^^^^^^^^^^^^^^
    ...<7 lines>...
    )
    ^
  File "C:\Users\samir\AppData\Local\Python\pythoncore-3.14-64\Lib\site-packages\telegram\request\_baserequest.py", line 305, in _request_wrapper
    code, payload = await self.do_request(
                    ^^^^^^^^^^^^^^^^^^^^^^
    ...<7 lines>...
    )
    ^
  File "C:\Users\samir\AppData\Local\Python\pythoncore-3.14-64\Lib\site-packages\telegram\request\_httpxrequest.py", line 303, in do_request
    raise NetworkError(f"httpx.{err.__class__.__name__}: {err}") from err
telegram.error.NetworkError: httpx.ConnectError: [Errno 11001] getaddrinfo failed
2026-08-21 23:25:16,811 - INFO - Кеш инициализирован
2026-08-21 23:25:18,169 - INFO - HTTP Request: POST https://api.telegram.org/bot8738891191:AAEh-QWNGxNdMV8NvesniBf-4hnYSYK0D04/getMe "HTTP/1.1 200 OK"
2026-08-21 23:25:18,769 - INFO - HTTP Request: POST https://api.telegram.org/bot8738891191:AAEh-QWNGxNdMV8NvesniBf-4hnYSYK0D04/deleteWebhook "HTTP/1.1 200 OK"
2026-08-21 23:25:18,772 - INFO - Application started
2026-08-21 23:25:29,084 - INFO - HTTP Request: POST https://api.telegram.org/bot8738891191:AAEh-QWNGxNdMV8NvesniBf-4hnYSYK0D04/getUpdates "HTTP/1.1 200 OK"
2026-08-21 23:25:39,188 - INFO - HTTP Request: POST https://api.telegram.org/bot8738891191:AAEh-QWNGxNdMV8NvesniBf-4hnYSYK0D04/getUpdates "HTTP/1.1 200 OK"
2026-08-21 23:25:41,992 - INFO - HTTP Request: POST https://api.telegram.org/bot8738891191:AAEh-QWNGxNdMV8NvesniBf-4hnYSYK0D04/getUpdates "HTTP/1.1 200 OK"
2026-08-21 23:25:42,344 - INFO - HTTP Request: POST https://api.telegram.org/bot8738891191:AAEh-QWNGxNdMV8NvesniBf-4hnYSYK0D04/sendMessage "HTTP/1.1 200 OK"
2026-08-21 23:25:52,289 - INFO - HTTP Request: POST https://api.telegram.org/bot8738891191:AAEh-QWNGxNdMV8NvesniBf-4hnYSYK0D04/getUpdates "HTTP/1.1 200 OK"
2026-08-21 23:26:02,404 - INFO - HTTP Request: POST https://api.telegram.org/bot8738891191:AAEh-QWNGxNdMV8NvesniBf-4hnYSYK0D04/getUpdates "HTTP/1.1 200 OK"
2026-08-21 23:26:12,509 - INFO - HTTP Request: POST https://api.telegram.org/bot8738891191:AAEh-QWNGxNdMV8NvesniBf-4hnYSYK0D04/getUpdates "HTTP/1.1 200 OK"
2026-08-21 23:26:22,614 - INFO - HTTP Request: POST https://api.telegram.org/bot8738891191:AAEh-QWNGxNdMV8NvesniBf-4hnYSYK0D04/getUpdates "HTTP/1.1 200 OK"
2026-08-21 23:26:33,044 - INFO - HTTP Request: POST https://api.telegram.org/bot8738891191:AAEh-QWNGxNdMV8NvesniBf-4hnYSYK0D04/getUpdates "HTTP/1.1 200 OK"
2026-08-21 23:26:38,344 - INFO - HTTP Request: POST https://api.telegram.org/bot8738891191:AAEh-QWNGxNdMV8NvesniBf-4hnYSYK0D04/getUpdates "HTTP/1.1 200 OK"
2026-08-21 23:26:38,345 - INFO - Сообщение от SAMRIDDIN (5446527720): 🖥️ Скриншот...
2026-08-21 23:26:40,166 - INFO - HTTP Request: POST https://api.telegram.org/bot8738891191:AAEh-QWNGxNdMV8NvesniBf-4hnYSYK0D04/sendMessage "HTTP/1.1 200 OK"
2026-08-21 23:26:48,678 - INFO - HTTP Request: POST https://api.telegram.org/bot8738891191:AAEh-QWNGxNdMV8NvesniBf-4hnYSYK0D04/getUpdates "HTTP/1.1 200 OK"
2026-08-21 23:26:52,322 - INFO - HTTP Request: POST https://api.telegram.org/bot8738891191:AAEh-QWNGxNdMV8NvesniBf-4hnYSYK0D04/sendMessage "HTTP/1.1 200 OK"
2026-08-21 23:27:01,935 - INFO - HTTP Request: POST https://api.telegram.org/bot8738891191:AAEh-QWNGxNdMV8NvesniBf-4hnYSYK0D04/getUpdates "HTTP/1.1 200 OK"
2026-08-21 23:27:12,097 - INFO - HTTP Request: POST https://api.telegram.org/bot8738891191:AAEh-QWNGxNdMV8NvesniBf-4hnYSYK0D04/getUpdates "HTTP/1.1 200 OK"
2026-08-21 23:27:22,333 - INFO - HTTP Request: POST https://api.telegram.org/bot8738891191:AAEh-QWNGxNdMV8NvesniBf-4hnYSYK0D04/getUpdates "HTTP/1.1 200 OK"
2026-08-21 23:27:32,536 - INFO - HTTP Request: POST https://api.telegram.org/bot8738891191:AAEh-QWNGxNdMV8NvesniBf-4hnYSYK0D04/getUpdates "HTTP/1.1 200 OK"
2026-08-21 23:27:42,674 - INFO - HTTP Request: POST https://api.telegram.org/bot8738891191:AAEh-QWNGxNdMV8NvesniBf-4hnYSYK0D04/getUpdates "HTTP/1.1 200 OK"
2026-08-21 23:27:52,798 - INFO - HTTP Request: POST https://api.telegram.org/bot8738891191:AAEh-QWNGxNdMV8NvesniBf-4hnYSYK0D04/getUpdates "HTTP/1.1 200 OK"
2026-08-21 23:28:02,907 - INFO - HTTP Request: POST https://api.telegram.org/bot8738891191:AAEh-QWNGxNdMV8NvesniBf-4hnYSYK0D04/getUpdates "HTTP/1.1 200 OK"
2026-08-21 23:28:10,606 - INFO - HTTP Request: POST https://api.telegram.org/bot8738891191:AAEh-QWNGxNdMV8NvesniBf-4hnYSYK0D04/getUpdates "HTTP/1.1 200 OK"
2026-08-21 23:28:10,606 - INFO - Application is stopping. This might take a moment.
2026-08-21 23:28:10,607 - INFO - Application.stop() complete
2026-08-21 23:28:17,109 - INFO - Кеш инициализирован
2026-08-21 23:28:17,973 - INFO - HTTP Request: POST https://api.telegram.org/bot8738891191:AAEh-QWNGxNdMV8NvesniBf-4hnYSYK0D04/getMe "HTTP/1.1 200 OK"
2026-08-21 23:28:18,078 - INFO - HTTP Request: POST https://api.telegram.org/bot8738891191:AAEh-QWNGxNdMV8NvesniBf-4hnYSYK0D04/deleteWebhook "HTTP/1.1 200 OK"
2026-08-21 23:28:18,080 - INFO - Application started
2026-08-21 23:28:28,399 - INFO - HTTP Request: POST https://api.telegram.org/bot8738891191:AAEh-QWNGxNdMV8NvesniBf-4hnYSYK0D04/getUpdates "HTTP/1.1 200 OK"
2026-08-21 23:28:37,551 - INFO - HTTP Request: POST https://api.telegram.org/bot8738891191:AAEh-QWNGxNdMV8NvesniBf-4hnYSYK0D04/getUpdates "HTTP/1.1 200 OK"
2026-08-21 23:28:37,552 - INFO - Сообщение от SAMRIDDIN (5446527720): 🖥️ Скриншот...
2026-08-21 23:28:37,952 - INFO - HTTP Request: POST https://api.telegram.org/bot8738891191:AAEh-QWNGxNdMV8NvesniBf-4hnYSYK0D04/sendMessage "HTTP/1.1 200 OK"
2026-08-21 23:28:38,559 - INFO - HTTP Request: POST https://api.telegram.org/bot8738891191:AAEh-QWNGxNdMV8NvesniBf-4hnYSYK0D04/sendPhoto "HTTP/1.1 200 OK"
2026-08-21 23:28:47,696 - INFO - HTTP Request: POST https://api.telegram.org/bot8738891191:AAEh-QWNGxNdMV8NvesniBf-4hnYSYK0D04/getUpdates "HTTP/1.1 200 OK"
2026-08-21 23:28:57,218 - INFO - HTTP Request: POST https://api.telegram.org/bot8738891191:AAEh-QWNGxNdMV8NvesniBf-4hnYSYK0D04/getUpdates "HTTP/1.1 200 OK"
2026-08-21 23:28:57,219 - INFO - Сообщение от SAMRIDDIN (5446527720): ⚙️ Модель...
2026-08-21 23:28:57,710 - INFO - HTTP Request: POST https://api.telegram.org/bot8738891191:AAEh-QWNGxNdMV8NvesniBf-4hnYSYK0D04/sendMessage "HTTP/1.1 200 OK"
2026-08-21 23:29:07,356 - INFO - HTTP Request: POST https://api.telegram.org/bot8738891191:AAEh-QWNGxNdMV8NvesniBf-4hnYSYK0D04/getUpdates "HTTP/1.1 200 OK"
2026-08-21 23:29:07,357 - INFO - Сообщение от SAMRIDDIN (5446527720): 📤 Экспорт...
2026-08-21 23:29:08,144 - INFO - HTTP Request: POST https://api.telegram.org/bot8738891191:AAEh-QWNGxNdMV8NvesniBf-4hnYSYK0D04/sendDocument "HTTP/1.1 200 OK"
2026-08-21 23:29:17,719 - INFO - HTTP Request: POST https://api.telegram.org/bot8738891191:AAEh-QWNGxNdMV8NvesniBf-4hnYSYK0D04/getUpdates "HTTP/1.1 200 OK"
2026-08-21 23:29:25,010 - INFO - HTTP Request: POST https://api.telegram.org/bot8738891191:AAEh-QWNGxNdMV8NvesniBf-4hnYSYK0D04/getUpdates "HTTP/1.1 200 OK"
2026-08-21 23:29:25,011 - INFO - Сообщение от SAMRIDDIN (5446527720): 🧠 Факты...
2026-08-21 23:29:25,680 - INFO - HTTP Request: POST https://api.telegram.org/bot8738891191:AAEh-QWNGxNdMV8NvesniBf-4hnYSYK0D04/sendMessage "HTTP/1.1 400 Bad Request"
2026-08-21 23:29:25,680 - ERROR - No error handlers are registered, logging exception.
Traceback (most recent call last):
  File "C:\Users\samir\AppData\Local\Python\pythoncore-3.14-64\Lib\site-packages\telegram\ext\_application.py", line 1315, in process_update
    await coroutine
  File "C:\Users\samir\AppData\Local\Python\pythoncore-3.14-64\Lib\site-packages\telegram\ext\_handlers\basehandler.py", line 159, in handle_update
    return await self.callback(update, context)
           ^^^^^^^^^^^^^^^^^^^^^^^^^^^^^^^^^^^^
  File "D:\Zeta\zeta_bot.py", line 245, in handle_message
    await fact_command(update, context)
  File "D:\Zeta\zeta_bot.py", line 170, in fact_command
    await update.message.reply_text(text, parse_mode="Markdown")
  File "C:\Users\samir\AppData\Local\Python\pythoncore-3.14-64\Lib\site-packages\telegram\_message.py", line 2228, in reply_text
    return await self.get_bot().send_message(
           ^^^^^^^^^^^^^^^^^^^^^^^^^^^^^^^^^^
    ...<21 lines>...
    )
    ^
  File "C:\Users\samir\AppData\Local\Python\pythoncore-3.14-64\Lib\site-packages\telegram\ext\_extbot.py", line 3150, in send_message
    return await super().send_message(
           ^^^^^^^^^^^^^^^^^^^^^^^^^^^
    ...<23 lines>...
    )
    ^
  File "C:\Users\samir\AppData\Local\Python\pythoncore-3.14-64\Lib\site-packages\telegram\_bot.py", line 1138, in send_message
    return await self._send_message(
           ^^^^^^^^^^^^^^^^^^^^^^^^^
    ...<21 lines>...
    )
    ^
  File "C:\Users\samir\AppData\Local\Python\pythoncore-3.14-64\Lib\site-packages\telegram\ext\_extbot.py", line 638, in _send_message
    result = await super()._send_message(
             ^^^^^^^^^^^^^^^^^^^^^^^^^^^^
    ...<23 lines>...
    )
    ^
  File "C:\Users\samir\AppData\Local\Python\pythoncore-3.14-64\Lib\site-packages\telegram\_bot.py", line 828, in _send_message
    result = await self._post(
             ^^^^^^^^^^^^^^^^^
    ...<7 lines>...
    )
    ^
  File "C:\Users\samir\AppData\Local\Python\pythoncore-3.14-64\Lib\site-packages\telegram\_bot.py", line 712, in _post
    return await self._do_post(
           ^^^^^^^^^^^^^^^^^^^^
    ...<6 lines>...
    )
    ^
  File "C:\Users\samir\AppData\Local\Python\pythoncore-3.14-64\Lib\site-packages\telegram\ext\_extbot.py", line 378, in _do_post
    return await super()._do_post(
           ^^^^^^^^^^^^^^^^^^^^^^^
    ...<6 lines>...
    )
    ^
  File "C:\Users\samir\AppData\Local\Python\pythoncore-3.14-64\Lib\site-packages\telegram\_bot.py", line 741, in _do_post
    result = await request.post(
             ^^^^^^^^^^^^^^^^^^^
    ...<6 lines>...
    )
    ^
  File "C:\Users\samir\AppData\Local\Python\pythoncore-3.14-64\Lib\site-packages\telegram\request\_baserequest.py", line 198, in post
    result = await self._request_wrapper(
             ^^^^^^^^^^^^^^^^^^^^^^^^^^^^
    ...<7 lines>...
    )
    ^
  File "C:\Users\samir\AppData\Local\Python\pythoncore-3.14-64\Lib\site-packages\telegram\request\_baserequest.py", line 375, in _request_wrapper
    raise exception
telegram.error.BadRequest: Can't parse entities: can't find end of the entity starting at byte offset 289
2026-08-21 23:29:31,932 - INFO - HTTP Request: POST https://api.telegram.org/bot8738891191:AAEh-QWNGxNdMV8NvesniBf-4hnYSYK0D04/getUpdates "HTTP/1.1 200 OK"
2026-08-21 23:29:31,933 - INFO - Сообщение от SAMRIDDIN (5446527720): 📜 История...
2026-08-21 23:29:32,398 - INFO - HTTP Request: POST https://api.telegram.org/bot8738891191:AAEh-QWNGxNdMV8NvesniBf-4hnYSYK0D04/sendMessage "HTTP/1.1 200 OK"
2026-08-21 23:29:41,863 - INFO - HTTP Request: POST https://api.telegram.org/bot8738891191:AAEh-QWNGxNdMV8NvesniBf-4hnYSYK0D04/getUpdates "HTTP/1.1 200 OK"
2026-08-21 23:29:41,865 - INFO - Сообщение от SAMRIDDIN (5446527720): 📊 Статус...
2026-08-21 23:29:42,809 - INFO - HTTP Request: POST https://api.telegram.org/bot8738891191:AAEh-QWNGxNdMV8NvesniBf-4hnYSYK0D04/sendMessage "HTTP/1.1 200 OK"
2026-08-21 23:29:46,379 - INFO - HTTP Request: POST https://api.telegram.org/bot8738891191:AAEh-QWNGxNdMV8NvesniBf-4hnYSYK0D04/getUpdates "HTTP/1.1 200 OK"
2026-08-21 23:29:46,380 - INFO - Сообщение от SAMRIDDIN (5446527720): 📊 Статус...
2026-08-21 23:29:47,054 - INFO - HTTP Request: POST https://api.telegram.org/bot8738891191:AAEh-QWNGxNdMV8NvesniBf-4hnYSYK0D04/sendMessage "HTTP/1.1 200 OK"
2026-08-21 23:29:57,019 - INFO - HTTP Request: POST https://api.telegram.org/bot8738891191:AAEh-QWNGxNdMV8NvesniBf-4hnYSYK0D04/getUpdates "HTTP/1.1 200 OK"
2026-08-21 23:30:07,132 - INFO - HTTP Request: POST https://api.telegram.org/bot8738891191:AAEh-QWNGxNdMV8NvesniBf-4hnYSYK0D04/getUpdates "HTTP/1.1 200 OK"
2026-08-21 23:30:17,396 - INFO - HTTP Request: POST https://api.telegram.org/bot8738891191:AAEh-QWNGxNdMV8NvesniBf-4hnYSYK0D04/getUpdates "HTTP/1.1 200 OK"
2026-08-21 23:30:18,939 - INFO - HTTP Request: POST https://api.telegram.org/bot8738891191:AAEh-QWNGxNdMV8NvesniBf-4hnYSYK0D04/getUpdates "HTTP/1.1 200 OK"
2026-08-21 23:30:19,468 - INFO - HTTP Request: POST https://api.telegram.org/bot8738891191:AAEh-QWNGxNdMV8NvesniBf-4hnYSYK0D04/sendMessage "HTTP/1.1 200 OK"
2026-08-21 23:30:25,398 - INFO - HTTP Request: POST https://api.telegram.org/bot8738891191:AAEh-QWNGxNdMV8NvesniBf-4hnYSYK0D04/getUpdates "HTTP/1.1 200 OK"
2026-08-21 23:30:25,398 - INFO - Сообщение от Amirbek²⁴ (7561352190): 📊 Статус...
2026-08-21 23:30:26,303 - INFO - HTTP Request: POST https://api.telegram.org/bot8738891191:AAEh-QWNGxNdMV8NvesniBf-4hnYSYK0D04/sendMessage "HTTP/1.1 200 OK"
2026-08-21 23:30:36,032 - INFO - HTTP Request: POST https://api.telegram.org/bot8738891191:AAEh-QWNGxNdMV8NvesniBf-4hnYSYK0D04/getUpdates "HTTP/1.1 200 OK"
2026-08-21 23:30:43,062 - INFO - HTTP Request: POST https://api.telegram.org/bot8738891191:AAEh-QWNGxNdMV8NvesniBf-4hnYSYK0D04/getUpdates "HTTP/1.1 200 OK"
2026-08-21 23:30:43,063 - INFO - Сообщение от Amirbek²⁴ (7561352190): 🖥️ Скриншот...
2026-08-21 23:30:43,452 - INFO - HTTP Request: POST https://api.telegram.org/bot8738891191:AAEh-QWNGxNdMV8NvesniBf-4hnYSYK0D04/sendMessage "HTTP/1.1 200 OK"
2026-08-21 23:30:43,953 - INFO - HTTP Request: POST https://api.telegram.org/bot8738891191:AAEh-QWNGxNdMV8NvesniBf-4hnYSYK0D04/sendPhoto "HTTP/1.1 200 OK"
2026-08-21 23:30:47,710 - INFO - HTTP Request: POST https://api.telegram.org/bot8738891191:AAEh-QWNGxNdMV8NvesniBf-4hnYSYK0D04/getUpdates "HTTP/1.1 200 OK"
2026-08-21 23:30:47,711 - INFO - Сообщение от SAMRIDDIN (5446527720): 📊 Статус...
2026-08-21 23:30:48,346 - INFO - HTTP Request: POST https://api.telegram.org/bot8738891191:AAEh-QWNGxNdMV8NvesniBf-4hnYSYK0D04/sendMessage "HTTP/1.1 200 OK"
2026-08-21 23:30:57,333 - INFO - HTTP Request: POST https://api.telegram.org/bot8738891191:AAEh-QWNGxNdMV8NvesniBf-4hnYSYK0D04/getUpdates "HTTP/1.1 200 OK"
2026-08-21 23:30:57,334 - INFO - Сообщение от Amirbek²⁴ (7561352190): ❓ Помощь...
2026-08-21 23:30:57,690 - INFO - HTTP Request: POST https://api.telegram.org/bot8738891191:AAEh-QWNGxNdMV8NvesniBf-4hnYSYK0D04/sendMessage "HTTP/1.1 200 OK"
2026-08-21 23:31:07,447 - INFO - HTTP Request: POST https://api.telegram.org/bot8738891191:AAEh-QWNGxNdMV8NvesniBf-4hnYSYK0D04/getUpdates "HTTP/1.1 200 OK"
2026-08-21 23:31:17,569 - INFO - HTTP Request: POST https://api.telegram.org/bot8738891191:AAEh-QWNGxNdMV8NvesniBf-4hnYSYK0D04/getUpdates "HTTP/1.1 200 OK"
2026-08-21 23:31:19,999 - INFO - HTTP Request: POST https://api.telegram.org/bot8738891191:AAEh-QWNGxNdMV8NvesniBf-4hnYSYK0D04/getUpdates "HTTP/1.1 200 OK"
2026-08-21 23:31:19,999 - INFO - Сообщение от Amirbek²⁴ (7561352190): 🧠 Факты...
2026-08-21 23:31:20,497 - INFO - HTTP Request: POST https://api.telegram.org/bot8738891191:AAEh-QWNGxNdMV8NvesniBf-4hnYSYK0D04/sendMessage "HTTP/1.1 400 Bad Request"
2026-08-21 23:31:20,498 - ERROR - No error handlers are registered, logging exception.
Traceback (most recent call last):
  File "C:\Users\samir\AppData\Local\Python\pythoncore-3.14-64\Lib\site-packages\telegram\ext\_application.py", line 1315, in process_update
    await coroutine
  File "C:\Users\samir\AppData\Local\Python\pythoncore-3.14-64\Lib\site-packages\telegram\ext\_handlers\basehandler.py", line 159, in handle_update
    return await self.callback(update, context)
           ^^^^^^^^^^^^^^^^^^^^^^^^^^^^^^^^^^^^
  File "D:\Zeta\zeta_bot.py", line 245, in handle_message
    await fact_command(update, context)
  File "D:\Zeta\zeta_bot.py", line 170, in fact_command
    await update.message.reply_text(text, parse_mode="Markdown")
  File "C:\Users\samir\AppData\Local\Python\pythoncore-3.14-64\Lib\site-packages\telegram\_message.py", line 2228, in reply_text
    return await self.get_bot().send_message(
           ^^^^^^^^^^^^^^^^^^^^^^^^^^^^^^^^^^
    ...<21 lines>...
    )
    ^
  File "C:\Users\samir\AppData\Local\Python\pythoncore-3.14-64\Lib\site-packages\telegram\ext\_extbot.py", line 3150, in send_message
    return await super().send_message(
           ^^^^^^^^^^^^^^^^^^^^^^^^^^^
    ...<23 lines>...
    )
    ^
  File "C:\Users\samir\AppData\Local\Python\pythoncore-3.14-64\Lib\site-packages\telegram\_bot.py", line 1138, in send_message
    return await self._send_message(
           ^^^^^^^^^^^^^^^^^^^^^^^^^
    ...<21 lines>...
    )
    ^
  File "C:\Users\samir\AppData\Local\Python\pythoncore-3.14-64\Lib\site-packages\telegram\ext\_extbot.py", line 638, in _send_message
    result = await super()._send_message(
             ^^^^^^^^^^^^^^^^^^^^^^^^^^^^
    ...<23 lines>...
    )
    ^
  File "C:\Users\samir\AppData\Local\Python\pythoncore-3.14-64\Lib\site-packages\telegram\_bot.py", line 828, in _send_message
    result = await self._post(
             ^^^^^^^^^^^^^^^^^
    ...<7 lines>...
    )
    ^
  File "C:\Users\samir\AppData\Local\Python\pythoncore-3.14-64\Lib\site-packages\telegram\_bot.py", line 712, in _post
    return await self._do_post(
           ^^^^^^^^^^^^^^^^^^^^
    ...<6 lines>...
    )
    ^
  File "C:\Users\samir\AppData\Local\Python\pythoncore-3.14-64\Lib\site-packages\telegram\ext\_extbot.py", line 378, in _do_post
    return await super()._do_post(
           ^^^^^^^^^^^^^^^^^^^^^^^
    ...<6 lines>...
    )
    ^
  File "C:\Users\samir\AppData\Local\Python\pythoncore-3.14-64\Lib\site-packages\telegram\_bot.py", line 741, in _do_post
    result = await request.post(
             ^^^^^^^^^^^^^^^^^^^
    ...<6 lines>...
    )
    ^
  File "C:\Users\samir\AppData\Local\Python\pythoncore-3.14-64\Lib\site-packages\telegram\request\_baserequest.py", line 198, in post
    result = await self._request_wrapper(
             ^^^^^^^^^^^^^^^^^^^^^^^^^^^^
    ...<7 lines>...
    )
    ^
  File "C:\Users\samir\AppData\Local\Python\pythoncore-3.14-64\Lib\site-packages\telegram\request\_baserequest.py", line 375, in _request_wrapper
    raise exception
telegram.error.BadRequest: Can't parse entities: can't find end of the entity starting at byte offset 289
2026-08-21 23:31:30,201 - INFO - HTTP Request: POST https://api.telegram.org/bot8738891191:AAEh-QWNGxNdMV8NvesniBf-4hnYSYK0D04/getUpdates "HTTP/1.1 200 OK"
2026-08-21 23:31:32,063 - INFO - HTTP Request: POST https://api.telegram.org/bot8738891191:AAEh-QWNGxNdMV8NvesniBf-4hnYSYK0D04/getUpdates "HTTP/1.1 200 OK"
2026-08-21 23:31:32,064 - INFO - Сообщение от Amirbek²⁴ (7561352190): 🧠 Факты...
2026-08-21 23:31:32,524 - INFO - HTTP Request: POST https://api.telegram.org/bot8738891191:AAEh-QWNGxNdMV8NvesniBf-4hnYSYK0D04/sendMessage "HTTP/1.1 400 Bad Request"
2026-08-21 23:31:32,524 - ERROR - No error handlers are registered, logging exception.
Traceback (most recent call last):
  File "C:\Users\samir\AppData\Local\Python\pythoncore-3.14-64\Lib\site-packages\telegram\ext\_application.py", line 1315, in process_update
    await coroutine
  File "C:\Users\samir\AppData\Local\Python\pythoncore-3.14-64\Lib\site-packages\telegram\ext\_handlers\basehandler.py", line 159, in handle_update
    return await self.callback(update, context)
           ^^^^^^^^^^^^^^^^^^^^^^^^^^^^^^^^^^^^
  File "D:\Zeta\zeta_bot.py", line 245, in handle_message
    await fact_command(update, context)
  File "D:\Zeta\zeta_bot.py", line 170, in fact_command
    await update.message.reply_text(text, parse_mode="Markdown")
  File "C:\Users\samir\AppData\Local\Python\pythoncore-3.14-64\Lib\site-packages\telegram\_message.py", line 2228, in reply_text
    return await self.get_bot().send_message(
           ^^^^^^^^^^^^^^^^^^^^^^^^^^^^^^^^^^
    ...<21 lines>...
    )
    ^
  File "C:\Users\samir\AppData\Local\Python\pythoncore-3.14-64\Lib\site-packages\telegram\ext\_extbot.py", line 3150, in send_message
    return await super().send_message(
           ^^^^^^^^^^^^^^^^^^^^^^^^^^^
    ...<23 lines>...
    )
    ^
  File "C:\Users\samir\AppData\Local\Python\pythoncore-3.14-64\Lib\site-packages\telegram\_bot.py", line 1138, in send_message
    return await self._send_message(
           ^^^^^^^^^^^^^^^^^^^^^^^^^
    ...<21 lines>...
    )
    ^
  File "C:\Users\samir\AppData\Local\Python\pythoncore-3.14-64\Lib\site-packages\telegram\ext\_extbot.py", line 638, in _send_message
    result = await super()._send_message(
             ^^^^^^^^^^^^^^^^^^^^^^^^^^^^
    ...<23 lines>...
    )
    ^
  File "C:\Users\samir\AppData\Local\Python\pythoncore-3.14-64\Lib\site-packages\telegram\_bot.py", line 828, in _send_message
    result = await self._post(
             ^^^^^^^^^^^^^^^^^
    ...<7 lines>...
    )
    ^
  File "C:\Users\samir\AppData\Local\Python\pythoncore-3.14-64\Lib\site-packages\telegram\_bot.py", line 712, in _post
    return await self._do_post(
           ^^^^^^^^^^^^^^^^^^^^
    ...<6 lines>...
    )
    ^
  File "C:\Users\samir\AppData\Local\Python\pythoncore-3.14-64\Lib\site-packages\telegram\ext\_extbot.py", line 378, in _do_post
    return await super()._do_post(
           ^^^^^^^^^^^^^^^^^^^^^^^
    ...<6 lines>...
    )
    ^
  File "C:\Users\samir\AppData\Local\Python\pythoncore-3.14-64\Lib\site-packages\telegram\_bot.py", line 741, in _do_post
    result = await request.post(
             ^^^^^^^^^^^^^^^^^^^
    ...<6 lines>...
    )
    ^
  File "C:\Users\samir\AppData\Local\Python\pythoncore-3.14-64\Lib\site-packages\telegram\request\_baserequest.py", line 198, in post
    result = await self._request_wrapper(
             ^^^^^^^^^^^^^^^^^^^^^^^^^^^^
    ...<7 lines>...
    )
    ^
  File "C:\Users\samir\AppData\Local\Python\pythoncore-3.14-64\Lib\site-packages\telegram\request\_baserequest.py", line 375, in _request_wrapper
    raise exception
telegram.error.BadRequest: Can't parse entities: can't find end of the entity starting at byte offset 289
2026-08-21 23:31:33,823 - INFO - HTTP Request: POST https://api.telegram.org/bot8738891191:AAEh-QWNGxNdMV8NvesniBf-4hnYSYK0D04/getUpdates "HTTP/1.1 200 OK"
2026-08-21 23:31:33,824 - INFO - Сообщение от Amirbek²⁴ (7561352190): 🔊 Голос...
2026-08-21 23:31:34,120 - INFO - HTTP Request: POST https://api.telegram.org/bot8738891191:AAEh-QWNGxNdMV8NvesniBf-4hnYSYK0D04/sendMessage "HTTP/1.1 200 OK"
2026-08-21 23:31:37,573 - INFO - HTTP Request: POST https://api.telegram.org/bot8738891191:AAEh-QWNGxNdMV8NvesniBf-4hnYSYK0D04/getUpdates "HTTP/1.1 200 OK"
2026-08-21 23:31:37,574 - INFO - Сообщение от Amirbek²⁴ (7561352190): ⚙️ Модель...
2026-08-21 23:31:37,779 - INFO - HTTP Request: POST https://api.telegram.org/bot8738891191:AAEh-QWNGxNdMV8NvesniBf-4hnYSYK0D04/sendMessage "HTTP/1.1 200 OK"
2026-08-21 23:31:42,693 - INFO - HTTP Request: POST https://api.telegram.org/bot8738891191:AAEh-QWNGxNdMV8NvesniBf-4hnYSYK0D04/getUpdates "HTTP/1.1 200 OK"
2026-08-21 23:31:42,694 - INFO - Сообщение от Amirbek²⁴ (7561352190): 📜 История...
2026-08-21 23:31:42,879 - INFO - HTTP Request: POST https://api.telegram.org/bot8738891191:AAEh-QWNGxNdMV8NvesniBf-4hnYSYK0D04/sendMessage "HTTP/1.1 200 OK"
2026-08-21 23:31:49,377 - INFO - HTTP Request: POST https://api.telegram.org/bot8738891191:AAEh-QWNGxNdMV8NvesniBf-4hnYSYK0D04/getUpdates "HTTP/1.1 200 OK"
2026-08-21 23:31:49,378 - INFO - Сообщение от Amirbek²⁴ (7561352190): 📤 Экспорт...
2026-08-21 23:31:49,808 - INFO - HTTP Request: POST https://api.telegram.org/bot8738891191:AAEh-QWNGxNdMV8NvesniBf-4hnYSYK0D04/sendDocument "HTTP/1.1 200 OK"
2026-08-21 23:31:59,589 - INFO - HTTP Request: POST https://api.telegram.org/bot8738891191:AAEh-QWNGxNdMV8NvesniBf-4hnYSYK0D04/getUpdates "HTTP/1.1 200 OK"
2026-08-21 23:32:09,695 - INFO - HTTP Request: POST https://api.telegram.org/bot8738891191:AAEh-QWNGxNdMV8NvesniBf-4hnYSYK0D04/getUpdates "HTTP/1.1 200 OK"
2026-08-21 23:32:19,814 - INFO - HTTP Request: POST https://api.telegram.org/bot8738891191:AAEh-QWNGxNdMV8NvesniBf-4hnYSYK0D04/getUpdates "HTTP/1.1 200 OK"
2026-08-21 23:32:29,932 - INFO - HTTP Request: POST https://api.telegram.org/bot8738891191:AAEh-QWNGxNdMV8NvesniBf-4hnYSYK0D04/getUpdates "HTTP/1.1 200 OK"
2026-08-21 23:32:40,055 - INFO - HTTP Request: POST https://api.telegram.org/bot8738891191:AAEh-QWNGxNdMV8NvesniBf-4hnYSYK0D04/getUpdates "HTTP/1.1 200 OK"
2026-08-21 23:32:50,275 - INFO - HTTP Request: POST https://api.telegram.org/bot8738891191:AAEh-QWNGxNdMV8NvesniBf-4hnYSYK0D04/getUpdates "HTTP/1.1 200 OK"
2026-08-21 23:32:52,688 - INFO - HTTP Request: POST https://api.telegram.org/bot8738891191:AAEh-QWNGxNdMV8NvesniBf-4hnYSYK0D04/getUpdates "HTTP/1.1 200 OK"
2026-08-21 23:32:52,689 - INFO - Сообщение от Amirbek²⁴ (7561352190): Переведи мне предложение на русский hi I am zeta a...
2026-08-21 23:32:53,031 - INFO - HTTP Request: POST https://api.telegram.org/bot8738891191:AAEh-QWNGxNdMV8NvesniBf-4hnYSYK0D04/sendChatAction "HTTP/1.1 200 OK"
2026-08-21 23:32:53,168 - INFO - HTTP Request: POST https://api.telegram.org/bot8738891191:AAEh-QWNGxNdMV8NvesniBf-4hnYSYK0D04/sendMessage "HTTP/1.1 200 OK"
2026-08-21 23:32:53,168 - INFO - ЗАПРОС: Переведи мне предложение на русский hi I am zeta ai I am will help you... (режим: default)
2026-08-21 23:32:55,318 - INFO - ПЕРЕВОД: на ru
2026-08-21 23:32:56,492 - INFO - HTTP Request: POST https://api.telegram.org/bot8738891191:AAEh-QWNGxNdMV8NvesniBf-4hnYSYK0D04/deleteMessage "HTTP/1.1 200 OK"
2026-08-21 23:32:56,626 - INFO - HTTP Request: POST https://api.telegram.org/bot8738891191:AAEh-QWNGxNdMV8NvesniBf-4hnYSYK0D04/sendMessage "HTTP/1.1 200 OK"
2026-08-21 23:33:02,798 - INFO - HTTP Request: POST https://api.telegram.org/bot8738891191:AAEh-QWNGxNdMV8NvesniBf-4hnYSYK0D04/getUpdates "HTTP/1.1 200 OK"
2026-08-21 23:33:12,906 - INFO - HTTP Request: POST https://api.telegram.org/bot8738891191:AAEh-QWNGxNdMV8NvesniBf-4hnYSYK0D04/getUpdates "HTTP/1.1 200 OK"
2026-08-21 23:33:23,014 - INFO - HTTP Request: POST https://api.telegram.org/bot8738891191:AAEh-QWNGxNdMV8NvesniBf-4hnYSYK0D04/getUpdates "HTTP/1.1 200 OK"
2026-08-21 23:33:25,870 - INFO - HTTP Request: POST https://api.telegram.org/bot8738891191:AAEh-QWNGxNdMV8NvesniBf-4hnYSYK0D04/getUpdates "HTTP/1.1 200 OK"
2026-08-21 23:33:25,871 - INFO - Сообщение от SAMRIDDIN (5446527720): 🖥️ Скриншот...
2026-08-21 23:33:26,399 - INFO - HTTP Request: POST https://api.telegram.org/bot8738891191:AAEh-QWNGxNdMV8NvesniBf-4hnYSYK0D04/sendMessage "HTTP/1.1 200 OK"
2026-08-21 23:33:27,035 - INFO - HTTP Request: POST https://api.telegram.org/bot8738891191:AAEh-QWNGxNdMV8NvesniBf-4hnYSYK0D04/sendPhoto "HTTP/1.1 200 OK"
2026-08-21 23:33:35,982 - INFO - HTTP Request: POST https://api.telegram.org/bot8738891191:AAEh-QWNGxNdMV8NvesniBf-4hnYSYK0D04/getUpdates "HTTP/1.1 200 OK"
2026-08-21 23:33:38,664 - INFO - HTTP Request: POST https://api.telegram.org/bot8738891191:AAEh-QWNGxNdMV8NvesniBf-4hnYSYK0D04/getUpdates "HTTP/1.1 200 OK"
2026-08-21 23:33:38,665 - INFO - Сообщение от Amirbek²⁴ (7561352190): Напиши любой код в Python...
2026-08-21 23:33:39,168 - INFO - HTTP Request: POST https://api.telegram.org/bot8738891191:AAEh-QWNGxNdMV8NvesniBf-4hnYSYK0D04/sendChatAction "HTTP/1.1 200 OK"
2026-08-21 23:33:39,343 - INFO - HTTP Request: POST https://api.telegram.org/bot8738891191:AAEh-QWNGxNdMV8NvesniBf-4hnYSYK0D04/sendMessage "HTTP/1.1 200 OK"
2026-08-21 23:33:39,343 - INFO - ЗАПРОС: Напиши любой код в Python... (режим: default)
2026-08-21 23:35:37,607 - INFO - КЕШ: сохранён ответ для 'Напиши любой код в Python...'
2026-08-21 23:35:37,681 - INFO - ОТВЕТ: ```python
print("Привет, мир!")
```...
2026-08-21 23:35:37,684 - INFO - HTTP Request: POST https://api.telegram.org/bot8738891191:AAEh-QWNGxNdMV8NvesniBf-4hnYSYK0D04/getUpdates "HTTP/1.1 200 OK"
2026-08-21 23:35:37,790 - INFO - HTTP Request: POST https://api.telegram.org/bot8738891191:AAEh-QWNGxNdMV8NvesniBf-4hnYSYK0D04/getUpdates "HTTP/1.1 200 OK"
2026-08-21 23:35:38,161 - INFO - HTTP Request: POST https://api.telegram.org/bot8738891191:AAEh-QWNGxNdMV8NvesniBf-4hnYSYK0D04/deleteMessage "HTTP/1.1 200 OK"
2026-08-21 23:35:38,346 - INFO - HTTP Request: POST https://api.telegram.org/bot8738891191:AAEh-QWNGxNdMV8NvesniBf-4hnYSYK0D04/sendMessage "HTTP/1.1 200 OK"
2026-08-21 23:35:38,348 - INFO - Сообщение от Amirbek²⁴ (7561352190): 📜 История...
2026-08-21 23:35:38,537 - INFO - HTTP Request: POST https://api.telegram.org/bot8738891191:AAEh-QWNGxNdMV8NvesniBf-4hnYSYK0D04/sendMessage "HTTP/1.1 200 OK"
2026-08-21 23:35:47,903 - INFO - HTTP Request: POST https://api.telegram.org/bot8738891191:AAEh-QWNGxNdMV8NvesniBf-4hnYSYK0D04/getUpdates "HTTP/1.1 200 OK"
2026-08-21 23:35:58,023 - INFO - HTTP Request: POST https://api.telegram.org/bot8738891191:AAEh-QWNGxNdMV8NvesniBf-4hnYSYK0D04/getUpdates "HTTP/1.1 200 OK"
2026-08-21 23:36:08,132 - INFO - HTTP Request: POST https://api.telegram.org/bot8738891191:AAEh-QWNGxNdMV8NvesniBf-4hnYSYK0D04/getUpdates "HTTP/1.1 200 OK"
2026-08-21 23:36:13,669 - INFO - HTTP Request: POST https://api.telegram.org/bot8738891191:AAEh-QWNGxNdMV8NvesniBf-4hnYSYK0D04/getUpdates "HTTP/1.1 200 OK"
2026-08-21 23:36:13,670 - INFO - Сообщение от Amirbek²⁴ (7561352190): Что я делаю в твоих настройках...
2026-08-21 23:36:14,177 - INFO - HTTP Request: POST https://api.telegram.org/bot8738891191:AAEh-QWNGxNdMV8NvesniBf-4hnYSYK0D04/sendChatAction "HTTP/1.1 200 OK"
2026-08-21 23:36:14,360 - INFO - HTTP Request: POST https://api.telegram.org/bot8738891191:AAEh-QWNGxNdMV8NvesniBf-4hnYSYK0D04/sendMessage "HTTP/1.1 200 OK"
2026-08-21 23:36:14,360 - INFO - ЗАПРОС: Что я делаю в твоих настройках... (режим: default)
2026-08-21 23:37:05,960 - INFO - КЕШ: сохранён ответ для 'Что я делаю в твоих настройках...'
2026-08-21 23:37:06,052 - INFO - ОТВЕТ: Здесь вы видите, что вы ничего не делаете в настройках моих настройок. Я — искусственный интеллект, ...
2026-08-21 23:37:06,055 - INFO - HTTP Request: POST https://api.telegram.org/bot8738891191:AAEh-QWNGxNdMV8NvesniBf-4hnYSYK0D04/getUpdates "HTTP/1.1 200 OK"
2026-08-21 23:37:06,270 - INFO - HTTP Request: POST https://api.telegram.org/bot8738891191:AAEh-QWNGxNdMV8NvesniBf-4hnYSYK0D04/getUpdates "HTTP/1.1 200 OK"
2026-08-21 23:37:06,582 - INFO - HTTP Request: POST https://api.telegram.org/bot8738891191:AAEh-QWNGxNdMV8NvesniBf-4hnYSYK0D04/deleteMessage "HTTP/1.1 200 OK"
2026-08-21 23:37:06,749 - INFO - HTTP Request: POST https://api.telegram.org/bot8738891191:AAEh-QWNGxNdMV8NvesniBf-4hnYSYK0D04/sendMessage "HTTP/1.1 200 OK"
2026-08-21 23:37:06,751 - INFO - Сообщение от Amirbek²⁴ (7561352190): 🔊 Голос...
2026-08-21 23:37:07,059 - INFO - HTTP Request: POST https://api.telegram.org/bot8738891191:AAEh-QWNGxNdMV8NvesniBf-4hnYSYK0D04/sendMessage "HTTP/1.1 200 OK"
2026-08-21 23:37:13,064 - INFO - HTTP Request: POST https://api.telegram.org/bot8738891191:AAEh-QWNGxNdMV8NvesniBf-4hnYSYK0D04/getUpdates "HTTP/1.1 200 OK"
2026-08-21 23:37:13,065 - INFO - Сообщение от Amirbek²⁴ (7561352190): 🔊 Голос...
2026-08-21 23:37:13,495 - INFO - HTTP Request: POST https://api.telegram.org/bot8738891191:AAEh-QWNGxNdMV8NvesniBf-4hnYSYK0D04/sendMessage "HTTP/1.1 200 OK"
2026-08-21 23:37:23,370 - INFO - HTTP Request: POST https://api.telegram.org/bot8738891191:AAEh-QWNGxNdMV8NvesniBf-4hnYSYK0D04/getUpdates "HTTP/1.1 200 OK"
2026-08-21 23:37:29,083 - INFO - HTTP Request: POST https://api.telegram.org/bot8738891191:AAEh-QWNGxNdMV8NvesniBf-4hnYSYK0D04/getUpdates "HTTP/1.1 200 OK"
2026-08-21 23:37:29,083 - INFO - Сообщение от Amirbek²⁴ (7561352190): 🖥️ Скриншот...
2026-08-21 23:37:29,466 - INFO - HTTP Request: POST https://api.telegram.org/bot8738891191:AAEh-QWNGxNdMV8NvesniBf-4hnYSYK0D04/sendMessage "HTTP/1.1 200 OK"
2026-08-21 23:37:29,923 - INFO - HTTP Request: POST https://api.telegram.org/bot8738891191:AAEh-QWNGxNdMV8NvesniBf-4hnYSYK0D04/sendPhoto "HTTP/1.1 200 OK"
2026-08-21 23:37:39,241 - INFO - HTTP Request: POST https://api.telegram.org/bot8738891191:AAEh-QWNGxNdMV8NvesniBf-4hnYSYK0D04/getUpdates "HTTP/1.1 200 OK"
2026-08-21 23:37:47,539 - INFO - HTTP Request: POST https://api.telegram.org/bot8738891191:AAEh-QWNGxNdMV8NvesniBf-4hnYSYK0D04/getUpdates "HTTP/1.1 200 OK"
2026-08-21 23:37:47,541 - INFO - Сообщение от Amirbek²⁴ (7561352190): 🖥️ Скриншот...
2026-08-21 23:37:47,981 - INFO - HTTP Request: POST https://api.telegram.org/bot8738891191:AAEh-QWNGxNdMV8NvesniBf-4hnYSYK0D04/sendMessage "HTTP/1.1 200 OK"
2026-08-21 23:37:48,544 - INFO - HTTP Request: POST https://api.telegram.org/bot8738891191:AAEh-QWNGxNdMV8NvesniBf-4hnYSYK0D04/sendPhoto "HTTP/1.1 200 OK"
2026-08-21 23:37:57,652 - INFO - HTTP Request: POST https://api.telegram.org/bot8738891191:AAEh-QWNGxNdMV8NvesniBf-4hnYSYK0D04/getUpdates "HTTP/1.1 200 OK"
2026-08-21 23:37:59,667 - INFO - HTTP Request: POST https://api.telegram.org/bot8738891191:AAEh-QWNGxNdMV8NvesniBf-4hnYSYK0D04/getUpdates "HTTP/1.1 200 OK"
2026-08-21 23:37:59,668 - INFO - Сообщение от Amirbek²⁴ (7561352190): 🖥️ Скриншот...
2026-08-21 23:38:00,067 - INFO - HTTP Request: POST https://api.telegram.org/bot8738891191:AAEh-QWNGxNdMV8NvesniBf-4hnYSYK0D04/sendMessage "HTTP/1.1 200 OK"
2026-08-21 23:38:00,587 - INFO - HTTP Request: POST https://api.telegram.org/bot8738891191:AAEh-QWNGxNdMV8NvesniBf-4hnYSYK0D04/sendPhoto "HTTP/1.1 200 OK"
2026-08-21 23:38:06,900 - INFO - HTTP Request: POST https://api.telegram.org/bot8738891191:AAEh-QWNGxNdMV8NvesniBf-4hnYSYK0D04/getUpdates "HTTP/1.1 200 OK"
2026-08-21 23:38:06,901 - INFO - Сообщение от Amirbek²⁴ (7561352190): 🖥️ Скриншот...
2026-08-21 23:38:07,271 - INFO - HTTP Request: POST https://api.telegram.org/bot8738891191:AAEh-QWNGxNdMV8NvesniBf-4hnYSYK0D04/sendMessage "HTTP/1.1 200 OK"
2026-08-21 23:38:07,934 - INFO - HTTP Request: POST https://api.telegram.org/bot8738891191:AAEh-QWNGxNdMV8NvesniBf-4hnYSYK0D04/sendPhoto "HTTP/1.1 200 OK"
2026-08-21 23:38:17,029 - INFO - HTTP Request: POST https://api.telegram.org/bot8738891191:AAEh-QWNGxNdMV8NvesniBf-4hnYSYK0D04/getUpdates "HTTP/1.1 200 OK"
2026-08-21 23:38:18,355 - INFO - HTTP Request: POST https://api.telegram.org/bot8738891191:AAEh-QWNGxNdMV8NvesniBf-4hnYSYK0D04/getUpdates "HTTP/1.1 200 OK"
2026-08-21 23:38:18,356 - INFO - Сообщение от Amirbek²⁴ (7561352190): 🖥️ Скриншот...
2026-08-21 23:38:18,718 - INFO - HTTP Request: POST https://api.telegram.org/bot8738891191:AAEh-QWNGxNdMV8NvesniBf-4hnYSYK0D04/sendMessage "HTTP/1.1 200 OK"
2026-08-21 23:38:19,313 - INFO - HTTP Request: POST https://api.telegram.org/bot8738891191:AAEh-QWNGxNdMV8NvesniBf-4hnYSYK0D04/sendPhoto "HTTP/1.1 200 OK"
2026-08-21 23:38:26,277 - INFO - HTTP Request: POST https://api.telegram.org/bot8738891191:AAEh-QWNGxNdMV8NvesniBf-4hnYSYK0D04/getUpdates "HTTP/1.1 200 OK"
2026-08-21 23:38:26,278 - INFO - Сообщение от Amirbek²⁴ (7561352190): 🖥️ Скриншот...
2026-08-21 23:38:26,688 - INFO - HTTP Request: POST https://api.telegram.org/bot8738891191:AAEh-QWNGxNdMV8NvesniBf-4hnYSYK0D04/sendMessage "HTTP/1.1 200 OK"
2026-08-21 23:38:27,291 - INFO - HTTP Request: POST https://api.telegram.org/bot8738891191:AAEh-QWNGxNdMV8NvesniBf-4hnYSYK0D04/sendPhoto "HTTP/1.1 200 OK"
2026-08-21 23:38:33,677 - INFO - HTTP Request: POST https://api.telegram.org/bot8738891191:AAEh-QWNGxNdMV8NvesniBf-4hnYSYK0D04/getUpdates "HTTP/1.1 200 OK"
2026-08-21 23:38:33,678 - INFO - Сообщение от Amirbek²⁴ (7561352190): 🖥️ Скриншот...
2026-08-21 23:38:34,055 - INFO - HTTP Request: POST https://api.telegram.org/bot8738891191:AAEh-QWNGxNdMV8NvesniBf-4hnYSYK0D04/sendMessage "HTTP/1.1 200 OK"
2026-08-21 23:38:34,546 - INFO - HTTP Request: POST https://api.telegram.org/bot8738891191:AAEh-QWNGxNdMV8NvesniBf-4hnYSYK0D04/sendPhoto "HTTP/1.1 200 OK"
2026-08-21 23:38:43,788 - INFO - HTTP Request: POST https://api.telegram.org/bot8738891191:AAEh-QWNGxNdMV8NvesniBf-4hnYSYK0D04/getUpdates "HTTP/1.1 200 OK"
2026-08-21 23:38:52,736 - INFO - HTTP Request: POST https://api.telegram.org/bot8738891191:AAEh-QWNGxNdMV8NvesniBf-4hnYSYK0D04/getUpdates "HTTP/1.1 200 OK"
2026-08-21 23:38:52,737 - INFO - Сообщение от Amirbek²⁴ (7561352190): 🖥️ Скриншот...
2026-08-21 23:38:53,090 - INFO - HTTP Request: POST https://api.telegram.org/bot8738891191:AAEh-QWNGxNdMV8NvesniBf-4hnYSYK0D04/sendMessage "HTTP/1.1 200 OK"
2026-08-21 23:38:53,601 - INFO - HTTP Request: POST https://api.telegram.org/bot8738891191:AAEh-QWNGxNdMV8NvesniBf-4hnYSYK0D04/sendPhoto "HTTP/1.1 200 OK"
2026-08-21 23:39:03,002 - INFO - HTTP Request: POST https://api.telegram.org/bot8738891191:AAEh-QWNGxNdMV8NvesniBf-4hnYSYK0D04/getUpdates "HTTP/1.1 200 OK"
2026-08-21 23:39:13,121 - INFO - HTTP Request: POST https://api.telegram.org/bot8738891191:AAEh-QWNGxNdMV8NvesniBf-4hnYSYK0D04/getUpdates "HTTP/1.1 200 OK"
2026-08-21 23:39:23,277 - INFO - HTTP Request: POST https://api.telegram.org/bot8738891191:AAEh-QWNGxNdMV8NvesniBf-4hnYSYK0D04/getUpdates "HTTP/1.1 200 OK"
2026-08-21 23:39:33,413 - INFO - HTTP Request: POST https://api.telegram.org/bot8738891191:AAEh-QWNGxNdMV8NvesniBf-4hnYSYK0D04/getUpdates "HTTP/1.1 200 OK"
2026-08-21 23:39:40,415 - INFO - HTTP Request: POST https://api.telegram.org/bot8738891191:AAEh-QWNGxNdMV8NvesniBf-4hnYSYK0D04/getUpdates "HTTP/1.1 200 OK"
2026-08-21 23:39:40,415 - INFO - Application is stopping. This might take a moment.
2026-08-21 23:39:40,416 - INFO - Application.stop() complete
2026-08-22 20:03:31,303 - INFO - Кеш инициализирован
2026-08-22 20:23:45,777 - INFO - Кеш инициализирован
2026-08-22 20:23:46,682 - INFO - ✅ Добавлен callback: notification_callback
2026-08-22 20:23:46,682 - INFO - 🟢 Умные уведомления запущены (интервал: 30с)
2026-08-22 20:23:46,682 - INFO - 🚀 Умные уведомления запущены
2026-08-22 20:23:48,054 - INFO - HTTP Request: POST https://api.telegram.org/bot8738891191:AAEh-QWNGxNdMV8NvesniBf-4hnYSYK0D04/getMe "HTTP/1.1 200 OK"
2026-08-22 20:23:48,160 - INFO - HTTP Request: POST https://api.telegram.org/bot8738891191:AAEh-QWNGxNdMV8NvesniBf-4hnYSYK0D04/deleteWebhook "HTTP/1.1 200 OK"
2026-08-22 20:23:48,162 - INFO - Application started
2026-08-22 20:23:48,820 - INFO - HTTP Request: POST https://api.telegram.org/bot8738891191:AAEh-QWNGxNdMV8NvesniBf-4hnYSYK0D04/getUpdates "HTTP/1.1 200 OK"
2026-08-22 20:23:48,829 - INFO - Сообщение от Amirbek²⁴ (7561352190): 🖥️ Скриншот...
2026-08-22 20:23:48,961 - INFO - HTTP Request: POST https://api.telegram.org/bot8738891191:AAEh-QWNGxNdMV8NvesniBf-4hnYSYK0D04/sendMessage "HTTP/1.1 200 OK"
2026-08-22 20:23:49,491 - INFO - HTTP Request: POST https://api.telegram.org/bot8738891191:AAEh-QWNGxNdMV8NvesniBf-4hnYSYK0D04/sendPhoto "HTTP/1.1 200 OK"
2026-08-22 20:23:49,492 - INFO - Сообщение от Amirbek²⁴ (7561352190): 🖥️ Скриншот...
2026-08-22 20:23:49,660 - INFO - HTTP Request: POST https://api.telegram.org/bot8738891191:AAEh-QWNGxNdMV8NvesniBf-4hnYSYK0D04/sendMessage "HTTP/1.1 200 OK"
2026-08-22 20:23:49,992 - INFO - HTTP Request: POST https://api.telegram.org/bot8738891191:AAEh-QWNGxNdMV8NvesniBf-4hnYSYK0D04/sendPhoto "HTTP/1.1 200 OK"
2026-08-22 20:23:49,993 - INFO - Сообщение от Amirbek²⁴ (7561352190): 🖥️ Скриншот...
2026-08-22 20:23:50,131 - INFO - HTTP Request: POST https://api.telegram.org/bot8738891191:AAEh-QWNGxNdMV8NvesniBf-4hnYSYK0D04/sendMessage "HTTP/1.1 200 OK"
2026-08-22 20:23:50,344 - INFO - HTTP Request: POST https://api.telegram.org/bot8738891191:AAEh-QWNGxNdMV8NvesniBf-4hnYSYK0D04/sendPhoto "HTTP/1.1 200 OK"
2026-08-22 20:23:50,345 - INFO - Сообщение от Amirbek²⁴ (7561352190): 🧠 Факты...
2026-08-22 20:23:50,456 - INFO - HTTP Request: POST https://api.telegram.org/bot8738891191:AAEh-QWNGxNdMV8NvesniBf-4hnYSYK0D04/sendMessage "HTTP/1.1 400 Bad Request"
2026-08-22 20:23:50,457 - ERROR - No error handlers are registered, logging exception.
Traceback (most recent call last):
  File "C:\Users\samir\AppData\Local\Python\pythoncore-3.14-64\Lib\site-packages\telegram\ext\_application.py", line 1315, in process_update
    await coroutine
  File "C:\Users\samir\AppData\Local\Python\pythoncore-3.14-64\Lib\site-packages\telegram\ext\_handlers\basehandler.py", line 159, in handle_update
    return await self.callback(update, context)
           ^^^^^^^^^^^^^^^^^^^^^^^^^^^^^^^^^^^^
  File "D:\Zeta\zeta_bot.py", line 381, in handle_message
    await fact_command(update, context)
  File "D:\Zeta\zeta_bot.py", line 303, in fact_command
    await update.message.reply_text(text, parse_mode="Markdown")
  File "C:\Users\samir\AppData\Local\Python\pythoncore-3.14-64\Lib\site-packages\telegram\_message.py", line 2228, in reply_text
    return await self.get_bot().send_message(
           ^^^^^^^^^^^^^^^^^^^^^^^^^^^^^^^^^^
    ...<21 lines>...
    )
    ^
  File "C:\Users\samir\AppData\Local\Python\pythoncore-3.14-64\Lib\site-packages\telegram\ext\_extbot.py", line 3150, in send_message
    return await super().send_message(
           ^^^^^^^^^^^^^^^^^^^^^^^^^^^
    ...<23 lines>...
    )
    ^
  File "C:\Users\samir\AppData\Local\Python\pythoncore-3.14-64\Lib\site-packages\telegram\_bot.py", line 1138, in send_message
    return await self._send_message(
           ^^^^^^^^^^^^^^^^^^^^^^^^^
    ...<21 lines>...
    )
    ^
  File "C:\Users\samir\AppData\Local\Python\pythoncore-3.14-64\Lib\site-packages\telegram\ext\_extbot.py", line 638, in _send_message
    result = await super()._send_message(
             ^^^^^^^^^^^^^^^^^^^^^^^^^^^^
    ...<23 lines>...
    )
    ^
  File "C:\Users\samir\AppData\Local\Python\pythoncore-3.14-64\Lib\site-packages\telegram\_bot.py", line 828, in _send_message
    result = await self._post(
             ^^^^^^^^^^^^^^^^^
    ...<7 lines>...
    )
    ^
  File "C:\Users\samir\AppData\Local\Python\pythoncore-3.14-64\Lib\site-packages\telegram\_bot.py", line 712, in _post
    return await self._do_post(
           ^^^^^^^^^^^^^^^^^^^^
    ...<6 lines>...
    )
    ^
  File "C:\Users\samir\AppData\Local\Python\pythoncore-3.14-64\Lib\site-packages\telegram\ext\_extbot.py", line 378, in _do_post
    return await super()._do_post(
           ^^^^^^^^^^^^^^^^^^^^^^^
    ...<6 lines>...
    )
    ^
  File "C:\Users\samir\AppData\Local\Python\pythoncore-3.14-64\Lib\site-packages\telegram\_bot.py", line 741, in _do_post
    result = await request.post(
             ^^^^^^^^^^^^^^^^^^^
    ...<6 lines>...
    )
    ^
  File "C:\Users\samir\AppData\Local\Python\pythoncore-3.14-64\Lib\site-packages\telegram\request\_baserequest.py", line 198, in post
    result = await self._request_wrapper(
             ^^^^^^^^^^^^^^^^^^^^^^^^^^^^
    ...<7 lines>...
    )
    ^
  File "C:\Users\samir\AppData\Local\Python\pythoncore-3.14-64\Lib\site-packages\telegram\request\_baserequest.py", line 375, in _request_wrapper
    raise exception
telegram.error.BadRequest: Can't parse entities: can't find end of the entity starting at byte offset 245
2026-08-22 20:23:50,876 - INFO - Сообщение от Amirbek²⁴ (7561352190): 📜 История...
2026-08-22 20:23:51,027 - INFO - HTTP Request: POST https://api.telegram.org/bot8738891191:AAEh-QWNGxNdMV8NvesniBf-4hnYSYK0D04/sendMessage "HTTP/1.1 200 OK"
2026-08-22 20:23:51,028 - INFO - Сообщение от Amirbek²⁴ (7561352190): 🧠 Факты...
2026-08-22 20:23:51,134 - INFO - HTTP Request: POST https://api.telegram.org/bot8738891191:AAEh-QWNGxNdMV8NvesniBf-4hnYSYK0D04/sendMessage "HTTP/1.1 400 Bad Request"
2026-08-22 20:23:51,134 - ERROR - No error handlers are registered, logging exception.
Traceback (most recent call last):
  File "C:\Users\samir\AppData\Local\Python\pythoncore-3.14-64\Lib\site-packages\telegram\ext\_application.py", line 1315, in process_update
    await coroutine
  File "C:\Users\samir\AppData\Local\Python\pythoncore-3.14-64\Lib\site-packages\telegram\ext\_handlers\basehandler.py", line 159, in handle_update
    return await self.callback(update, context)
           ^^^^^^^^^^^^^^^^^^^^^^^^^^^^^^^^^^^^
  File "D:\Zeta\zeta_bot.py", line 381, in handle_message
    await fact_command(update, context)
  File "D:\Zeta\zeta_bot.py", line 303, in fact_command
    await update.message.reply_text(text, parse_mode="Markdown")
  File "C:\Users\samir\AppData\Local\Python\pythoncore-3.14-64\Lib\site-packages\telegram\_message.py", line 2228, in reply_text
    return await self.get_bot().send_message(
           ^^^^^^^^^^^^^^^^^^^^^^^^^^^^^^^^^^
    ...<21 lines>...
    )
    ^
  File "C:\Users\samir\AppData\Local\Python\pythoncore-3.14-64\Lib\site-packages\telegram\ext\_extbot.py", line 3150, in send_message
    return await super().send_message(
           ^^^^^^^^^^^^^^^^^^^^^^^^^^^
    ...<23 lines>...
    )
    ^
  File "C:\Users\samir\AppData\Local\Python\pythoncore-3.14-64\Lib\site-packages\telegram\_bot.py", line 1138, in send_message
    return await self._send_message(
           ^^^^^^^^^^^^^^^^^^^^^^^^^
    ...<21 lines>...
    )
    ^
  File "C:\Users\samir\AppData\Local\Python\pythoncore-3.14-64\Lib\site-packages\telegram\ext\_extbot.py", line 638, in _send_message
    result = await super()._send_message(
             ^^^^^^^^^^^^^^^^^^^^^^^^^^^^
    ...<23 lines>...
    )
    ^
  File "C:\Users\samir\AppData\Local\Python\pythoncore-3.14-64\Lib\site-packages\telegram\_bot.py", line 828, in _send_message
    result = await self._post(
             ^^^^^^^^^^^^^^^^^
    ...<7 lines>...
    )
    ^
  File "C:\Users\samir\AppData\Local\Python\pythoncore-3.14-64\Lib\site-packages\telegram\_bot.py", line 712, in _post
    return await self._do_post(
           ^^^^^^^^^^^^^^^^^^^^
    ...<6 lines>...
    )
    ^
  File "C:\Users\samir\AppData\Local\Python\pythoncore-3.14-64\Lib\site-packages\telegram\ext\_extbot.py", line 378, in _do_post
    return await super()._do_post(
           ^^^^^^^^^^^^^^^^^^^^^^^
    ...<6 lines>...
    )
    ^
  File "C:\Users\samir\AppData\Local\Python\pythoncore-3.14-64\Lib\site-packages\telegram\_bot.py", line 741, in _do_post
    result = await request.post(
             ^^^^^^^^^^^^^^^^^^^
    ...<6 lines>...
    )
    ^
  File "C:\Users\samir\AppData\Local\Python\pythoncore-3.14-64\Lib\site-packages\telegram\request\_baserequest.py", line 198, in post
    result = await self._request_wrapper(
             ^^^^^^^^^^^^^^^^^^^^^^^^^^^^
    ...<7 lines>...
    )
    ^
  File "C:\Users\samir\AppData\Local\Python\pythoncore-3.14-64\Lib\site-packages\telegram\request\_baserequest.py", line 375, in _request_wrapper
    raise exception
telegram.error.BadRequest: Can't parse entities: can't find end of the entity starting at byte offset 245
2026-08-22 20:23:51,138 - INFO - Сообщение от Amirbek²⁴ (7561352190): 🖥️ Скриншот...
2026-08-22 20:23:51,275 - INFO - HTTP Request: POST https://api.telegram.org/bot8738891191:AAEh-QWNGxNdMV8NvesniBf-4hnYSYK0D04/sendMessage "HTTP/1.1 200 OK"
2026-08-22 20:23:51,544 - INFO - HTTP Request: POST https://api.telegram.org/bot8738891191:AAEh-QWNGxNdMV8NvesniBf-4hnYSYK0D04/sendPhoto "HTTP/1.1 200 OK"
2026-08-22 20:23:51,545 - INFO - Сообщение от Amirbek²⁴ (7561352190): 🔊 Голос...
2026-08-22 20:23:51,889 - INFO - HTTP Request: POST https://api.telegram.org/bot8738891191:AAEh-QWNGxNdMV8NvesniBf-4hnYSYK0D04/sendMessage "HTTP/1.1 200 OK"
2026-08-22 20:23:51,890 - INFO - Сообщение от Amirbek²⁴ (7561352190): 🔊 Голос...
2026-08-22 20:23:52,130 - INFO - HTTP Request: POST https://api.telegram.org/bot8738891191:AAEh-QWNGxNdMV8NvesniBf-4hnYSYK0D04/sendMessage "HTTP/1.1 200 OK"
2026-08-22 20:23:52,131 - INFO - Сообщение от Amirbek²⁴ (7561352190): ⚙️ Модель...
2026-08-22 20:23:52,264 - INFO - HTTP Request: POST https://api.telegram.org/bot8738891191:AAEh-QWNGxNdMV8NvesniBf-4hnYSYK0D04/sendMessage "HTTP/1.1 200 OK"
2026-08-22 20:23:52,265 - INFO - Сообщение от Amirbek²⁴ (7561352190): 🔊 Голос...
2026-08-22 20:23:52,517 - INFO - HTTP Request: POST https://api.telegram.org/bot8738891191:AAEh-QWNGxNdMV8NvesniBf-4hnYSYK0D04/sendMessage "HTTP/1.1 200 OK"
2026-08-22 20:23:52,518 - INFO - Сообщение от Amirbek²⁴ (7561352190): 🔊 Голос...
2026-08-22 20:23:52,819 - INFO - HTTP Request: POST https://api.telegram.org/bot8738891191:AAEh-QWNGxNdMV8NvesniBf-4hnYSYK0D04/sendMessage "HTTP/1.1 200 OK"
2026-08-22 20:23:52,820 - INFO - Сообщение от Amirbek²⁴ (7561352190): 🖥️ Скриншот...
2026-08-22 20:23:52,971 - INFO - HTTP Request: POST https://api.telegram.org/bot8738891191:AAEh-QWNGxNdMV8NvesniBf-4hnYSYK0D04/sendMessage "HTTP/1.1 200 OK"
2026-08-22 20:23:53,258 - INFO - HTTP Request: POST https://api.telegram.org/bot8738891191:AAEh-QWNGxNdMV8NvesniBf-4hnYSYK0D04/sendPhoto "HTTP/1.1 200 OK"
2026-08-22 20:23:53,259 - INFO - Сообщение от Amirbek²⁴ (7561352190): ⚙️ Модель...
2026-08-22 20:23:53,399 - INFO - HTTP Request: POST https://api.telegram.org/bot8738891191:AAEh-QWNGxNdMV8NvesniBf-4hnYSYK0D04/sendMessage "HTTP/1.1 200 OK"
2026-08-22 20:23:53,400 - INFO - Сообщение от Amirbek²⁴ (7561352190): 🗑️ Очистить...
2026-08-22 20:23:53,633 - INFO - HTTP Request: POST https://api.telegram.org/bot8738891191:AAEh-QWNGxNdMV8NvesniBf-4hnYSYK0D04/sendMessage "HTTP/1.1 200 OK"
2026-08-22 20:23:53,634 - INFO - Сообщение от Amirbek²⁴ (7561352190): 🖥️ Скриншот...
2026-08-22 20:23:53,768 - INFO - HTTP Request: POST https://api.telegram.org/bot8738891191:AAEh-QWNGxNdMV8NvesniBf-4hnYSYK0D04/sendMessage "HTTP/1.1 200 OK"
2026-08-22 20:23:54,039 - INFO - HTTP Request: POST https://api.telegram.org/bot8738891191:AAEh-QWNGxNdMV8NvesniBf-4hnYSYK0D04/sendPhoto "HTTP/1.1 200 OK"
2026-08-22 20:23:54,040 - INFO - Сообщение от Amirbek²⁴ (7561352190): 📊 Статус...
2026-08-22 20:23:54,153 - INFO - HTTP Request: POST https://api.telegram.org/bot8738891191:AAEh-QWNGxNdMV8NvesniBf-4hnYSYK0D04/sendChatAction "HTTP/1.1 200 OK"
2026-08-22 20:23:54,290 - INFO - HTTP Request: POST https://api.telegram.org/bot8738891191:AAEh-QWNGxNdMV8NvesniBf-4hnYSYK0D04/sendMessage "HTTP/1.1 200 OK"
2026-08-22 20:23:54,291 - INFO - ЗАПРОС: 📊 Статус... (режим: default)
2026-08-22 20:24:51,851 - INFO - HTTP Request: POST https://api.telegram.org/bot8738891191:AAEh-QWNGxNdMV8NvesniBf-4hnYSYK0D04/sendMessage "HTTP/1.1 200 OK"
2026-08-22 20:24:51,853 - INFO - Уведомление отправлено 5446527720
2026-08-22 20:24:51,868 - ERROR - Ошибка отправки уведомления 5446527720: Unknown error in HTTP implementation: RuntimeError('Event loop is closed')
2026-08-22 20:25:43,430 - INFO - КЕШ: сохранён ответ для '📊 Статус...'
2026-08-22 20:25:43,550 - INFO - ОТВЕТ: Статус: Онлайн. Чем могу помочь, Курая?...
2026-08-22 20:25:43,553 - INFO - HTTP Request: POST https://api.telegram.org/bot8738891191:AAEh-QWNGxNdMV8NvesniBf-4hnYSYK0D04/getUpdates "HTTP/1.1 200 OK"
2026-08-22 20:25:43,765 - INFO - HTTP Request: POST https://api.telegram.org/bot8738891191:AAEh-QWNGxNdMV8NvesniBf-4hnYSYK0D04/getUpdates "HTTP/1.1 200 OK"
2026-08-22 20:25:44,128 - INFO - HTTP Request: POST https://api.telegram.org/bot8738891191:AAEh-QWNGxNdMV8NvesniBf-4hnYSYK0D04/deleteMessage "HTTP/1.1 200 OK"
2026-08-22 20:25:44,269 - INFO - HTTP Request: POST https://api.telegram.org/bot8738891191:AAEh-QWNGxNdMV8NvesniBf-4hnYSYK0D04/sendMessage "HTTP/1.1 200 OK"
2026-08-22 20:25:44,270 - INFO - Сообщение от Amirbek²⁴ (7561352190): 📊 Статус...
2026-08-22 20:25:44,445 - INFO - HTTP Request: POST https://api.telegram.org/bot8738891191:AAEh-QWNGxNdMV8NvesniBf-4hnYSYK0D04/sendChatAction "HTTP/1.1 200 OK"
2026-08-22 20:25:44,575 - INFO - HTTP Request: POST https://api.telegram.org/bot8738891191:AAEh-QWNGxNdMV8NvesniBf-4hnYSYK0D04/sendMessage "HTTP/1.1 200 OK"
2026-08-22 20:25:44,576 - INFO - ЗАПРОС: 📊 Статус... (режим: default)
2026-08-22 20:25:46,707 - INFO - КЕШ: найден ответ для '📊 Статус...'
2026-08-22 20:25:46,819 - INFO - HTTP Request: POST https://api.telegram.org/bot8738891191:AAEh-QWNGxNdMV8NvesniBf-4hnYSYK0D04/deleteMessage "HTTP/1.1 200 OK"
2026-08-22 20:25:46,951 - INFO - HTTP Request: POST https://api.telegram.org/bot8738891191:AAEh-QWNGxNdMV8NvesniBf-4hnYSYK0D04/sendMessage "HTTP/1.1 200 OK"
2026-08-22 20:25:46,952 - INFO - Сообщение от Amirbek²⁴ (7561352190): 🔊 Голос...
2026-08-22 20:25:47,174 - INFO - HTTP Request: POST https://api.telegram.org/bot8738891191:AAEh-QWNGxNdMV8NvesniBf-4hnYSYK0D04/sendMessage "HTTP/1.1 200 OK"
2026-08-22 20:25:47,175 - INFO - Сообщение от Amirbek²⁴ (7561352190): 🔊 Голос...
2026-08-22 20:25:47,418 - INFO - HTTP Request: POST https://api.telegram.org/bot8738891191:AAEh-QWNGxNdMV8NvesniBf-4hnYSYK0D04/sendMessage "HTTP/1.1 200 OK"
2026-08-22 20:25:47,419 - INFO - Сообщение от Amirbek²⁴ (7561352190): 🔊 Голос...
2026-08-22 20:25:47,640 - INFO - HTTP Request: POST https://api.telegram.org/bot8738891191:AAEh-QWNGxNdMV8NvesniBf-4hnYSYK0D04/sendMessage "HTTP/1.1 200 OK"
2026-08-22 20:25:47,641 - INFO - Сообщение от Amirbek²⁴ (7561352190): 🔊 Голос...
2026-08-22 20:25:47,864 - INFO - HTTP Request: POST https://api.telegram.org/bot8738891191:AAEh-QWNGxNdMV8NvesniBf-4hnYSYK0D04/sendMessage "HTTP/1.1 200 OK"
2026-08-22 20:25:47,865 - INFO - Сообщение от Amirbek²⁴ (7561352190): 🗑️ Очистить...
2026-08-22 20:25:48,078 - INFO - HTTP Request: POST https://api.telegram.org/bot8738891191:AAEh-QWNGxNdMV8NvesniBf-4hnYSYK0D04/sendMessage "HTTP/1.1 200 OK"
2026-08-22 20:25:48,079 - INFO - Сообщение от Amirbek²⁴ (7561352190): 🖥️ Скриншот...
2026-08-22 20:25:48,205 - INFO - HTTP Request: POST https://api.telegram.org/bot8738891191:AAEh-QWNGxNdMV8NvesniBf-4hnYSYK0D04/sendMessage "HTTP/1.1 200 OK"
2026-08-22 20:25:48,845 - INFO - HTTP Request: POST https://api.telegram.org/bot8738891191:AAEh-QWNGxNdMV8NvesniBf-4hnYSYK0D04/sendPhoto "HTTP/1.1 200 OK"
2026-08-22 20:25:48,846 - INFO - Сообщение от Amirbek²⁴ (7561352190): 🖥️ Скриншот...
2026-08-22 20:25:48,988 - INFO - HTTP Request: POST https://api.telegram.org/bot8738891191:AAEh-QWNGxNdMV8NvesniBf-4hnYSYK0D04/sendMessage "HTTP/1.1 200 OK"
2026-08-22 20:25:49,397 - INFO - HTTP Request: POST https://api.telegram.org/bot8738891191:AAEh-QWNGxNdMV8NvesniBf-4hnYSYK0D04/sendPhoto "HTTP/1.1 200 OK"
2026-08-22 20:25:49,398 - INFO - Сообщение от Amirbek²⁴ (7561352190): 📜 История...
2026-08-22 20:25:49,557 - INFO - HTTP Request: POST https://api.telegram.org/bot8738891191:AAEh-QWNGxNdMV8NvesniBf-4hnYSYK0D04/sendMessage "HTTP/1.1 200 OK"
2026-08-22 20:25:49,558 - INFO - Сообщение от Amirbek²⁴ (7561352190): 🧠 Факты...
2026-08-22 20:25:49,686 - INFO - HTTP Request: POST https://api.telegram.org/bot8738891191:AAEh-QWNGxNdMV8NvesniBf-4hnYSYK0D04/sendMessage "HTTP/1.1 400 Bad Request"
2026-08-22 20:25:49,687 - ERROR - No error handlers are registered, logging exception.
Traceback (most recent call last):
  File "C:\Users\samir\AppData\Local\Python\pythoncore-3.14-64\Lib\site-packages\telegram\ext\_application.py", line 1315, in process_update
    await coroutine
  File "C:\Users\samir\AppData\Local\Python\pythoncore-3.14-64\Lib\site-packages\telegram\ext\_handlers\basehandler.py", line 159, in handle_update
    return await self.callback(update, context)
           ^^^^^^^^^^^^^^^^^^^^^^^^^^^^^^^^^^^^
  File "D:\Zeta\zeta_bot.py", line 381, in handle_message
    await fact_command(update, context)
  File "D:\Zeta\zeta_bot.py", line 303, in fact_command
    await update.message.reply_text(text, parse_mode="Markdown")
  File "C:\Users\samir\AppData\Local\Python\pythoncore-3.14-64\Lib\site-packages\telegram\_message.py", line 2228, in reply_text
    return await self.get_bot().send_message(
           ^^^^^^^^^^^^^^^^^^^^^^^^^^^^^^^^^^
    ...<21 lines>...
    )
    ^
  File "C:\Users\samir\AppData\Local\Python\pythoncore-3.14-64\Lib\site-packages\telegram\ext\_extbot.py", line 3150, in send_message
    return await super().send_message(
           ^^^^^^^^^^^^^^^^^^^^^^^^^^^
    ...<23 lines>...
    )
    ^
  File "C:\Users\samir\AppData\Local\Python\pythoncore-3.14-64\Lib\site-packages\telegram\_bot.py", line 1138, in send_message
    return await self._send_message(
           ^^^^^^^^^^^^^^^^^^^^^^^^^
    ...<21 lines>...
    )
    ^
  File "C:\Users\samir\AppData\Local\Python\pythoncore-3.14-64\Lib\site-packages\telegram\ext\_extbot.py", line 638, in _send_message
    result = await super()._send_message(
             ^^^^^^^^^^^^^^^^^^^^^^^^^^^^
    ...<23 lines>...
    )
    ^
  File "C:\Users\samir\AppData\Local\Python\pythoncore-3.14-64\Lib\site-packages\telegram\_bot.py", line 828, in _send_message
    result = await self._post(
             ^^^^^^^^^^^^^^^^^
    ...<7 lines>...
    )
    ^
  File "C:\Users\samir\AppData\Local\Python\pythoncore-3.14-64\Lib\site-packages\telegram\_bot.py", line 712, in _post
    return await self._do_post(
           ^^^^^^^^^^^^^^^^^^^^
    ...<6 lines>...
    )
    ^
  File "C:\Users\samir\AppData\Local\Python\pythoncore-3.14-64\Lib\site-packages\telegram\ext\_extbot.py", line 378, in _do_post
    return await super()._do_post(
           ^^^^^^^^^^^^^^^^^^^^^^^
    ...<6 lines>...
    )
    ^
  File "C:\Users\samir\AppData\Local\Python\pythoncore-3.14-64\Lib\site-packages\telegram\_bot.py", line 741, in _do_post
    result = await request.post(
             ^^^^^^^^^^^^^^^^^^^
    ...<6 lines>...
    )
    ^
  File "C:\Users\samir\AppData\Local\Python\pythoncore-3.14-64\Lib\site-packages\telegram\request\_baserequest.py", line 198, in post
    result = await self._request_wrapper(
             ^^^^^^^^^^^^^^^^^^^^^^^^^^^^
    ...<7 lines>...
    )
    ^
  File "C:\Users\samir\AppData\Local\Python\pythoncore-3.14-64\Lib\site-packages\telegram\request\_baserequest.py", line 375, in _request_wrapper
    raise exception
telegram.error.BadRequest: Can't parse entities: can't find end of the entity starting at byte offset 245
2026-08-22 20:25:49,730 - INFO - Сообщение от Amirbek²⁴ (7561352190): 📜 История...
2026-08-22 20:25:49,871 - INFO - HTTP Request: POST https://api.telegram.org/bot8738891191:AAEh-QWNGxNdMV8NvesniBf-4hnYSYK0D04/sendMessage "HTTP/1.1 200 OK"
2026-08-22 20:25:49,873 - INFO - Сообщение от SAMRIDDIN (5446527720): ❓ Помощь...
2026-08-22 20:25:50,027 - INFO - HTTP Request: POST https://api.telegram.org/bot8738891191:AAEh-QWNGxNdMV8NvesniBf-4hnYSYK0D04/sendMessage "HTTP/1.1 200 OK"
2026-08-22 20:25:50,028 - INFO - Сообщение от SAMRIDDIN (5446527720): ❓ Помощь...
2026-08-22 20:25:50,244 - INFO - HTTP Request: POST https://api.telegram.org/bot8738891191:AAEh-QWNGxNdMV8NvesniBf-4hnYSYK0D04/sendMessage "HTTP/1.1 200 OK"
2026-08-22 20:25:53,937 - INFO - HTTP Request: POST https://api.telegram.org/bot8738891191:AAEh-QWNGxNdMV8NvesniBf-4hnYSYK0D04/getUpdates "HTTP/1.1 200 OK"
2026-08-22 20:26:04,091 - INFO - HTTP Request: POST https://api.telegram.org/bot8738891191:AAEh-QWNGxNdMV8NvesniBf-4hnYSYK0D04/getUpdates "HTTP/1.1 200 OK"
2026-08-22 20:26:14,284 - INFO - HTTP Request: POST https://api.telegram.org/bot8738891191:AAEh-QWNGxNdMV8NvesniBf-4hnYSYK0D04/getUpdates "HTTP/1.1 200 OK"
2026-08-22 20:26:24,522 - INFO - HTTP Request: POST https://api.telegram.org/bot8738891191:AAEh-QWNGxNdMV8NvesniBf-4hnYSYK0D04/getUpdates "HTTP/1.1 200 OK"
2026-08-22 20:26:34,686 - INFO - HTTP Request: POST https://api.telegram.org/bot8738891191:AAEh-QWNGxNdMV8NvesniBf-4hnYSYK0D04/getUpdates "HTTP/1.1 200 OK"
2026-08-22 20:26:44,842 - INFO - HTTP Request: POST https://api.telegram.org/bot8738891191:AAEh-QWNGxNdMV8NvesniBf-4hnYSYK0D04/getUpdates "HTTP/1.1 200 OK"
2026-08-22 20:26:54,997 - INFO - HTTP Request: POST https://api.telegram.org/bot8738891191:AAEh-QWNGxNdMV8NvesniBf-4hnYSYK0D04/getUpdates "HTTP/1.1 200 OK"
2026-08-22 20:27:05,151 - INFO - HTTP Request: POST https://api.telegram.org/bot8738891191:AAEh-QWNGxNdMV8NvesniBf-4hnYSYK0D04/getUpdates "HTTP/1.1 200 OK"
2026-08-22 20:27:09,483 - INFO - HTTP Request: POST https://api.telegram.org/bot8738891191:AAEh-QWNGxNdMV8NvesniBf-4hnYSYK0D04/getUpdates "HTTP/1.1 200 OK"
2026-08-22 20:27:19,810 - INFO - HTTP Request: POST https://api.telegram.org/bot8738891191:AAEh-QWNGxNdMV8NvesniBf-4hnYSYK0D04/getUpdates "HTTP/1.1 200 OK"
2026-08-22 20:27:30,255 - INFO - HTTP Request: POST https://api.telegram.org/bot8738891191:AAEh-QWNGxNdMV8NvesniBf-4hnYSYK0D04/getUpdates "HTTP/1.1 200 OK"
2026-08-22 20:27:40,414 - INFO - HTTP Request: POST https://api.telegram.org/bot8738891191:AAEh-QWNGxNdMV8NvesniBf-4hnYSYK0D04/getUpdates "HTTP/1.1 200 OK"
2026-08-22 20:27:50,568 - INFO - HTTP Request: POST https://api.telegram.org/bot8738891191:AAEh-QWNGxNdMV8NvesniBf-4hnYSYK0D04/getUpdates "HTTP/1.1 200 OK"
2026-08-22 20:28:00,725 - INFO - HTTP Request: POST https://api.telegram.org/bot8738891191:AAEh-QWNGxNdMV8NvesniBf-4hnYSYK0D04/getUpdates "HTTP/1.1 200 OK"
2026-08-22 20:28:10,879 - INFO - HTTP Request: POST https://api.telegram.org/bot8738891191:AAEh-QWNGxNdMV8NvesniBf-4hnYSYK0D04/getUpdates "HTTP/1.1 200 OK"
2026-08-22 20:28:21,038 - INFO - HTTP Request: POST https://api.telegram.org/bot8738891191:AAEh-QWNGxNdMV8NvesniBf-4hnYSYK0D04/getUpdates "HTTP/1.1 200 OK"
2026-08-22 20:28:31,197 - INFO - HTTP Request: POST https://api.telegram.org/bot8738891191:AAEh-QWNGxNdMV8NvesniBf-4hnYSYK0D04/getUpdates "HTTP/1.1 200 OK"
2026-08-22 20:28:39,858 - INFO - HTTP Request: POST https://api.telegram.org/bot8738891191:AAEh-QWNGxNdMV8NvesniBf-4hnYSYK0D04/getUpdates "HTTP/1.1 200 OK"
2026-08-22 20:28:39,859 - INFO - Application is stopping. This might take a moment.
2026-08-22 20:28:39,859 - INFO - Application.stop() complete
2026-08-22 20:30:38,941 - INFO - Кеш инициализирован
2026-08-22 20:30:40,704 - INFO - [31m[1mWARNING: This is a development server. Do not use it in a production deployment. Use a production WSGI server instead.[0m
 * Running on all addresses (0.0.0.0)
 * Running on http://127.0.0.1:5000
 * Running on http://192.168.1.25:5000
2026-08-22 20:30:40,704 - INFO - [33mPress CTRL+C to quit[0m
2026-08-22 20:30:41,005 - INFO - 127.0.0.1 - - [22/Aug/2026 20:30:41] "GET / HTTP/1.1" 200 -
2026-08-22 20:30:41,184 - INFO - 127.0.0.1 - - [22/Aug/2026 20:30:41] "[33mGET /favicon.ico HTTP/1.1[0m" 404 -
2026-08-22 20:30:50,510 - INFO - ЗАПРОС: привет... (режим: default)
2026-08-22 20:30:52,640 - INFO - КЕШ: найден ответ для 'привет...'
2026-08-22 20:30:52,640 - INFO - 127.0.0.1 - - [22/Aug/2026 20:30:52] "POST /chat HTTP/1.1" 200 -
2026-08-22 20:30:59,970 - INFO - 127.0.0.1 - - [22/Aug/2026 20:30:59] "GET /screenshot HTTP/1.1" 200 -
2026-08-22 20:31:08,787 - INFO - 127.0.0.1 - - [22/Aug/2026 20:31:08] "GET /facts HTTP/1.1" 200 -
2026-08-22 20:33:33,559 - INFO - 127.0.0.1 - - [22/Aug/2026 20:33:33] "GET /status HTTP/1.1" 200 -
2026-08-22 20:37:35,363 - INFO - Кеш инициализирован
2026-08-22 20:37:37,310 - INFO - [31m[1mWARNING: This is a development server. Do not use it in a production deployment. Use a production WSGI server instead.[0m
 * Running on all addresses (0.0.0.0)
 * Running on http://127.0.0.1:5000
 * Running on http://192.168.1.25:5000
2026-08-22 20:37:37,310 - INFO - [33mPress CTRL+C to quit[0m
2026-08-22 20:37:37,343 - INFO - 127.0.0.1 - - [22/Aug/2026 20:37:37] "GET / HTTP/1.1" 200 -
2026-08-22 20:38:25,772 - INFO - 127.0.0.1 - - [22/Aug/2026 20:38:25] "GET / HTTP/1.1" 200 -
2026-08-22 20:38:26,571 - INFO - 127.0.0.1 - - [22/Aug/2026 20:38:26] "GET / HTTP/1.1" 200 -
2026-08-22 20:40:53,725 - INFO - Кеш инициализирован
2026-08-22 20:40:55,541 - INFO - [31m[1mWARNING: This is a development server. Do not use it in a production deployment. Use a production WSGI server instead.[0m
 * Running on all addresses (0.0.0.0)
 * Running on http://127.0.0.1:5000
 * Running on http://192.168.1.25:5000
2026-08-22 20:40:55,541 - INFO - [33mPress CTRL+C to quit[0m
2026-08-22 20:40:55,564 - INFO - 127.0.0.1 - - [22/Aug/2026 20:40:55] "GET / HTTP/1.1" 200 -
2026-08-22 20:42:14,967 - INFO - Кеш инициализирован
2026-08-22 20:42:16,485 - INFO - [31m[1mWARNING: This is a development server. Do not use it in a production deployment. Use a production WSGI server instead.[0m
 * Running on all addresses (0.0.0.0)
 * Running on http://127.0.0.1:5000
 * Running on http://192.168.1.25:5000
2026-08-22 20:42:16,485 - INFO - [33mPress CTRL+C to quit[0m
2026-08-22 20:42:16,573 - INFO - 127.0.0.1 - - [22/Aug/2026 20:42:16] "GET / HTTP/1.1" 200 -
2026-08-22 20:42:30,736 - INFO - 127.0.0.1 - - [22/Aug/2026 20:42:30] "GET / HTTP/1.1" 200 -
2026-08-22 20:42:30,851 - INFO - 127.0.0.1 - - [22/Aug/2026 20:42:30] "GET / HTTP/1.1" 200 -
2026-08-22 20:42:31,307 - INFO - 127.0.0.1 - - [22/Aug/2026 20:42:31] "GET / HTTP/1.1" 200 -
2026-08-22 20:42:31,619 - INFO - 127.0.0.1 - - [22/Aug/2026 20:42:31] "GET / HTTP/1.1" 200 -
2026-08-22 20:42:33,242 - INFO - 127.0.0.1 - - [22/Aug/2026 20:42:33] "GET / HTTP/1.1" 200 -
2026-08-22 20:43:39,644 - INFO - 127.0.0.1 - - [22/Aug/2026 20:43:39] "[33mGET /.well-known/appspecific/com.chrome.devtools.json HTTP/1.1[0m" 404 -
2026-08-22 20:48:59,124 - INFO - 127.0.0.1 - - [22/Aug/2026 20:48:59] "GET / HTTP/1.1" 200 -
2026-08-22 20:48:59,178 - INFO - 127.0.0.1 - - [22/Aug/2026 20:48:59] "[33mGET /favicon.ico HTTP/1.1[0m" 404 -
2026-08-22 20:51:33,426 - INFO - Кеш инициализирован
2026-08-22 20:51:34,942 - INFO - [31m[1mWARNING: This is a development server. Do not use it in a production deployment. Use a production WSGI server instead.[0m
 * Running on all addresses (0.0.0.0)
 * Running on http://127.0.0.1:5000
 * Running on http://192.168.1.25:5000
2026-08-22 20:51:34,943 - INFO - [33mPress CTRL+C to quit[0m
2026-08-22 20:51:35,016 - INFO - 127.0.0.1 - - [22/Aug/2026 20:51:35] "GET / HTTP/1.1" 200 -
2026-08-22 20:52:52,539 - INFO - 127.0.0.1 - - [22/Aug/2026 20:52:52] "[33mGET /.well-known/appspecific/com.chrome.devtools.json HTTP/1.1[0m" 404 -
2026-08-22 20:56:15,774 - INFO - Кеш инициализирован
2026-08-22 20:56:17,325 - INFO - [31m[1mWARNING: This is a development server. Do not use it in a production deployment. Use a production WSGI server instead.[0m
 * Running on all addresses (0.0.0.0)
 * Running on http://127.0.0.1:5000
 * Running on http://192.168.1.25:5000
2026-08-22 20:56:17,325 - INFO - [33mPress CTRL+C to quit[0m
2026-08-22 20:56:17,383 - INFO - 127.0.0.1 - - [22/Aug/2026 20:56:17] "GET / HTTP/1.1" 200 -
2026-08-22 20:56:41,762 - INFO - 127.0.0.1 - - [22/Aug/2026 20:56:41] "GET / HTTP/1.1" 200 -
2026-08-22 20:56:41,821 - INFO - 127.0.0.1 - - [22/Aug/2026 20:56:41] "[33mGET /favicon.ico HTTP/1.1[0m" 404 -
2026-08-22 20:56:42,788 - INFO - 127.0.0.1 - - [22/Aug/2026 20:56:42] "GET / HTTP/1.1" 200 -
2026-08-22 20:56:42,845 - INFO - 127.0.0.1 - - [22/Aug/2026 20:56:42] "[33mGET /favicon.ico HTTP/1.1[0m" 404 -
2026-08-22 20:56:43,037 - INFO - 127.0.0.1 - - [22/Aug/2026 20:56:43] "GET / HTTP/1.1" 200 -
2026-08-22 20:56:43,556 - INFO - 127.0.0.1 - - [22/Aug/2026 20:56:43] "GET / HTTP/1.1" 200 -
2026-08-22 20:56:43,860 - INFO - 127.0.0.1 - - [22/Aug/2026 20:56:43] "[33mGET /favicon.ico HTTP/1.1[0m" 404 -
2026-08-22 20:56:44,388 - INFO - 127.0.0.1 - - [22/Aug/2026 20:56:44] "GET / HTTP/1.1" 200 -
2026-08-22 20:56:44,449 - INFO - 127.0.0.1 - - [22/Aug/2026 20:56:44] "[33mGET /favicon.ico HTTP/1.1[0m" 404 -
2026-08-22 20:56:44,890 - INFO - 127.0.0.1 - - [22/Aug/2026 20:56:44] "GET / HTTP/1.1" 200 -
2026-08-22 20:56:45,194 - INFO - 127.0.0.1 - - [22/Aug/2026 20:56:45] "[33mGET /favicon.ico HTTP/1.1[0m" 404 -
2026-08-22 20:56:45,636 - INFO - 127.0.0.1 - - [22/Aug/2026 20:56:45] "GET / HTTP/1.1" 200 -
2026-08-22 20:56:45,705 - INFO - 127.0.0.1 - - [22/Aug/2026 20:56:45] "[33mGET /favicon.ico HTTP/1.1[0m" 404 -
2026-08-22 20:56:46,578 - INFO - 127.0.0.1 - - [22/Aug/2026 20:56:46] "GET / HTTP/1.1" 200 -
2026-08-22 20:56:46,877 - INFO - 127.0.0.1 - - [22/Aug/2026 20:56:46] "[33mGET /favicon.ico HTTP/1.1[0m" 404 -
2026-08-22 20:57:04,563 - INFO - 127.0.0.1 - - [22/Aug/2026 20:57:04] "[33mGET /.well-known/appspecific/com.chrome.devtools.json HTTP/1.1[0m" 404 -
2026-08-22 20:57:07,138 - INFO - 127.0.0.1 - - [22/Aug/2026 20:57:07] "[33mGET /favicon.ico HTTP/1.1[0m" 404 -
2026-08-22 20:59:07,245 - INFO - Кеш инициализирован
2026-08-22 20:59:08,845 - INFO - [31m[1mWARNING: This is a development server. Do not use it in a production deployment. Use a production WSGI server instead.[0m
 * Running on all addresses (0.0.0.0)
 * Running on http://127.0.0.1:5000
 * Running on http://192.168.1.25:5000
2026-08-22 20:59:08,845 - INFO - [33mPress CTRL+C to quit[0m
2026-08-22 20:59:08,929 - INFO - 127.0.0.1 - - [22/Aug/2026 20:59:08] "GET / HTTP/1.1" 200 -
2026-08-22 20:59:11,031 - INFO - 127.0.0.1 - - [22/Aug/2026 20:59:11] "GET /facts HTTP/1.1" 200 -
2026-08-22 20:59:15,122 - INFO - 127.0.0.1 - - [22/Aug/2026 20:59:15] "GET /status HTTP/1.1" 200 -
2026-08-22 21:03:14,935 - INFO - Кеш инициализирован
2026-08-22 21:03:16,496 - INFO - [31m[1mWARNING: This is a development server. Do not use it in a production deployment. Use a production WSGI server instead.[0m
 * Running on all addresses (0.0.0.0)
 * Running on http://127.0.0.1:5000
 * Running on http://192.168.1.25:5000
2026-08-22 21:03:16,497 - INFO - [33mPress CTRL+C to quit[0m
2026-08-22 21:03:16,561 - INFO - 127.0.0.1 - - [22/Aug/2026 21:03:16] "GET / HTTP/1.1" 200 -
2026-08-22 21:04:59,770 - INFO - Кеш инициализирован
2026-08-22 21:05:01,317 - INFO - [31m[1mWARNING: This is a development server. Do not use it in a production deployment. Use a production WSGI server instead.[0m
 * Running on all addresses (0.0.0.0)
 * Running on http://127.0.0.1:5000
 * Running on http://192.168.1.25:5000
2026-08-22 21:05:01,317 - INFO - [33mPress CTRL+C to quit[0m
2026-08-22 21:05:01,403 - INFO - 127.0.0.1 - - [22/Aug/2026 21:05:01] "GET / HTTP/1.1" 200 -
2026-08-22 21:05:09,181 - INFO - ЗАПРОС: привет... (режим: default)
2026-08-22 21:05:11,293 - INFO - КЕШ: найден ответ для 'привет...'
2026-08-22 21:05:11,293 - INFO - 127.0.0.1 - - [22/Aug/2026 21:05:11] "POST /chat HTTP/1.1" 200 -
2026-08-22 21:05:19,583 - INFO - 127.0.0.1 - - [22/Aug/2026 21:05:19] "GET /screenshot HTTP/1.1" 200 -
2026-08-22 21:05:23,333 - INFO - 127.0.0.1 - - [22/Aug/2026 21:05:23] "GET /facts HTTP/1.1" 200 -
2026-08-22 21:05:24,899 - INFO - 127.0.0.1 - - [22/Aug/2026 21:05:24] "GET /status HTTP/1.1" 200 -
2026-08-22 21:05:25,719 - INFO - 127.0.0.1 - - [22/Aug/2026 21:05:25] "GET /status HTTP/1.1" 200 -
2026-08-22 21:05:29,799 - INFO - 127.0.0.1 - - [22/Aug/2026 21:05:29] "GET /status HTTP/1.1" 200 -
2026-08-22 21:05:35,643 - INFO - 127.0.0.1 - - [22/Aug/2026 21:05:35] "POST /clear_facts HTTP/1.1" 200 -
2026-08-22 21:05:39,652 - INFO - 127.0.0.1 - - [22/Aug/2026 21:05:39] "GET /facts HTTP/1.1" 200 -
2026-08-22 21:06:09,595 - INFO - ЗАПРОС: Меня зовуть Samriddin, я твое создатель... (режим: default)
2026-08-22 21:07:53,314 - INFO - ФАКТ сохранён: имя = зовуть samriddin
2026-08-22 21:07:53,406 - INFO - КЕШ: сохранён ответ для 'Меня зовуть Samriddin, я твое создатель...'
2026-08-22 21:07:53,489 - INFO - ОТВЕТ: Привет, Samriddin. Давно не виделись. Чем могу помочь?...
2026-08-22 21:07:53,490 - INFO - 127.0.0.1 - - [22/Aug/2026 21:07:53] "POST /chat HTTP/1.1" 200 -
2026-08-22 21:08:28,038 - INFO - 127.0.0.1 - - [22/Aug/2026 21:08:28] "GET /facts HTTP/1.1" 200 -
2026-08-22 21:09:39,429 - INFO - ЗАПРОС: Я Kurayami и параллельно я твоя создател... (режим: default)
2026-08-22 21:10:18,930 - INFO - ФАКТ сохранён: имя = kurayami и параллельно я твоя создател
2026-08-22 21:10:19,013 - INFO - КЕШ: сохранён ответ для 'Я Kurayami и параллельно я твоя создател...'
2026-08-22 21:10:19,096 - INFO - ОТВЕТ: Извините, но似乎这里的信息有些混乱。根据角色设定，您是Z，而Samriddin是您的创造者。如果Kurayami也是您的创造者，这似乎与设定不符。请确认角色关系，让我能更好地为您提供帮助。...
2026-08-22 21:10:19,097 - INFO - 127.0.0.1 - - [22/Aug/2026 21:10:19] "POST /chat HTTP/1.1" 200 -
2026-08-22 21:11:33,740 - INFO - 127.0.0.1 - - [22/Aug/2026 21:11:33] "GET /facts HTTP/1.1" 200 -
2026-08-22 21:16:15,550 - INFO - Кеш инициализирован
2026-08-22 21:17:36,116 - INFO - ЗАПРОС: Кто создал Zeta?... (режим: default)
2026-08-22 21:20:03,080 - INFO - КЕШ: сохранён ответ для 'Кто создал Zeta?...'
2026-08-22 21:20:03,161 - INFO - ОТВЕТ: Samriddin создал Zeta. У вас возникли вопросы или需要更多上下文信息来确定您接下来想要讨论的内容。Zeta 是由 Samriddin 创建的，这是角色设...
2026-08-22 21:21:43,609 - INFO - Кеш инициализирован
2026-08-22 21:21:45,751 - INFO - [31m[1mWARNING: This is a development server. Do not use it in a production deployment. Use a production WSGI server instead.[0m
 * Running on all addresses (0.0.0.0)
 * Running on http://127.0.0.1:5000
 * Running on http://192.168.1.25:5000
2026-08-22 21:21:45,751 - INFO - [33mPress CTRL+C to quit[0m
2026-08-22 21:21:45,867 - INFO - 127.0.0.1 - - [22/Aug/2026 21:21:45] "GET / HTTP/1.1" 200 -
2026-08-22 21:21:54,715 - INFO - ЗАПРОС: Загрузи документ D:\Zeta\test.txt... (режим: default)
2026-08-22 21:21:56,871 - INFO - RAG: запрос к документам
2026-08-22 21:21:56,874 - INFO - 127.0.0.1 - - [22/Aug/2026 21:21:56] "POST /chat HTTP/1.1" 200 -
2026-08-22 21:24:34,499 - INFO - Кеш инициализирован
2026-08-22 21:24:36,268 - INFO - [31m[1mWARNING: This is a development server. Do not use it in a production deployment. Use a production WSGI server instead.[0m
 * Running on all addresses (0.0.0.0)
 * Running on http://127.0.0.1:5000
 * Running on http://192.168.1.25:5000
2026-08-22 21:24:36,269 - INFO - [33mPress CTRL+C to quit[0m
2026-08-22 21:24:36,449 - INFO - 127.0.0.1 - - [22/Aug/2026 21:24:36] "GET / HTTP/1.1" 200 -
2026-08-22 21:24:42,347 - INFO - ЗАПРОС: Загрузи документ D:\Zeta\test.txt... (режим: default)
2026-08-22 21:24:44,668 - INFO - RAG: запрос к документам
2026-08-22 21:24:45,143 - INFO - 127.0.0.1 - - [22/Aug/2026 21:24:45] "POST /chat HTTP/1.1" 200 -
2026-08-22 21:25:14,402 - INFO - ЗАПРОС: Кто создал Zeta?... (режим: default)
2026-08-22 21:25:16,489 - INFO - КЕШ: найден ответ для 'Кто создал Zeta?...'
2026-08-22 21:25:16,490 - INFO - 127.0.0.1 - - [22/Aug/2026 21:25:16] "POST /chat HTTP/1.1" 200 -
2026-08-22 21:26:28,524 - INFO - ЗАПРОС: Кто создал Zeta?... (режим: default)
2026-08-22 21:26:30,657 - INFO - КЕШ: найден ответ для 'Кто создал Zeta?...'
2026-08-22 21:26:30,657 - INFO - 127.0.0.1 - - [22/Aug/2026 21:26:30] "POST /chat HTTP/1.1" 200 -
2026-08-22 21:26:39,881 - INFO - ЗАПРОС: Покажи документы... (режим: default)
2026-08-22 21:26:42,162 - INFO - RAG: запрос к документам
2026-08-22 21:26:42,187 - INFO - 127.0.0.1 - - [22/Aug/2026 21:26:42] "POST /chat HTTP/1.1" 200 -
2026-08-22 21:26:54,605 - INFO - ЗАПРОС: Очисти документы... (режим: default)
2026-08-22 21:26:56,710 - INFO - RAG: запрос к документам
2026-08-22 21:26:56,827 - INFO - 127.0.0.1 - - [22/Aug/2026 21:26:56] "POST /chat HTTP/1.1" 200 -
2026-08-22 21:27:45,595 - INFO - ЗАПРОС: Загрузи документ D:\file.txt... (режим: default)
2026-08-22 21:27:47,696 - INFO - RAG: запрос к документам
2026-08-22 21:27:47,696 - INFO - 127.0.0.1 - - [22/Aug/2026 21:27:47] "POST /chat HTTP/1.1" 200 -
2026-08-22 21:28:30,631 - INFO - ЗАПРОС: Загрузи документ D:\Zeta\file.txt... (режим: default)
2026-08-22 21:28:32,865 - INFO - RAG: запрос к документам
2026-08-22 21:28:32,966 - INFO - 127.0.0.1 - - [22/Aug/2026 21:28:32] "POST /chat HTTP/1.1" 200 -
2026-08-22 21:28:46,165 - INFO - ЗАПРОС: кто создатель... (режим: default)
2026-08-22 21:31:03,931 - INFO - ФАКТ сохранён (общее): кто создатель...
2026-08-22 21:31:04,047 - INFO - КЕШ: сохранён ответ для 'кто создатель...'
2026-08-22 21:31:04,130 - INFO - ОТВЕТ: Samriddin создал Zeta. Если вам нужно что-то найти или загрузить, скажите что именно вы ищете или гд...
2026-08-22 21:31:04,132 - INFO - 127.0.0.1 - - [22/Aug/2026 21:31:04] "POST /chat HTTP/1.1" 200 -
2026-08-22 21:37:29,458 - INFO - Кеш инициализирован
2026-08-22 21:37:31,573 - INFO - [31m[1mWARNING: This is a development server. Do not use it in a production deployment. Use a production WSGI server instead.[0m
 * Running on all addresses (0.0.0.0)
 * Running on http://127.0.0.1:5000
 * Running on http://192.168.1.25:5000
2026-08-22 21:37:31,574 - INFO - [33mPress CTRL+C to quit[0m
2026-08-22 21:37:31,584 - INFO - 127.0.0.1 - - [22/Aug/2026 21:37:31] "GET / HTTP/1.1" 200 -
2026-08-22 21:39:28,685 - INFO - Кеш инициализирован
2026-08-22 21:39:31,455 - INFO - [31m[1mWARNING: This is a development server. Do not use it in a production deployment. Use a production WSGI server instead.[0m
 * Running on all addresses (0.0.0.0)
 * Running on http://127.0.0.1:5000
 * Running on http://192.168.1.25:5000
2026-08-22 21:39:31,455 - INFO - [33mPress CTRL+C to quit[0m
2026-08-22 21:39:31,723 - INFO - 127.0.0.1 - - [22/Aug/2026 21:39:31] "GET / HTTP/1.1" 200 -
2026-08-22 21:40:17,881 - INFO - Кеш инициализирован
2026-08-22 21:40:19,480 - INFO - [31m[1mWARNING: This is a development server. Do not use it in a production deployment. Use a production WSGI server instead.[0m
 * Running on all addresses (0.0.0.0)
 * Running on http://127.0.0.1:5000
 * Running on http://192.168.1.25:5000
2026-08-22 21:40:19,481 - INFO - [33mPress CTRL+C to quit[0m
2026-08-22 21:40:19,541 - INFO - 127.0.0.1 - - [22/Aug/2026 21:40:19] "GET / HTTP/1.1" 200 -
2026-08-22 21:40:19,841 - INFO - 127.0.0.1 - - [22/Aug/2026 21:40:19] "[33mGET /favicon.ico HTTP/1.1[0m" 404 -
2026-08-22 21:43:22,967 - INFO - ЗАПРОС: Загрузи документ D:\Zeta\file.pdf... (режим: default)
2026-08-22 21:43:25,275 - INFO - RAG: запрос к документам
2026-08-22 21:43:25,741 - INFO - 127.0.0.1 - - [22/Aug/2026 21:43:25] "POST /chat HTTP/1.1" 200 -
2026-08-22 21:53:48,288 - INFO - Кеш инициализирован
2026-08-22 21:53:58,766 - INFO - ЗАПРОС: Загрузи документ D:\Zeta\file.pdf... (режим: default)
2026-08-22 21:54:00,991 - INFO - RAG: запрос к документам
2026-08-22 22:02:03,886 - INFO - Кеш инициализирован
2026-08-22 22:02:17,494 - INFO - ЗАПРОС: Загрузи документ D:\Zeta\file.pdf... (режим: default)
2026-08-22 22:02:19,756 - INFO - RAG: запрос к документам
2026-08-22 22:03:01,899 - INFO - ЗАПРОС: Загрузи документ D:\Zeta\test.docx... (режим: default)
2026-08-22 22:03:04,101 - INFO - RAG: запрос к документам
2026-08-22 22:03:29,783 - INFO - ЗАПРОС: Загрузи документ D:\Zeta\file.docx... (режим: default)
2026-08-22 22:03:31,944 - INFO - RAG: запрос к документам
2026-08-22 22:03:52,419 - INFO - ЗАПРОС: кто создатель... (режим: default)
2026-08-22 22:03:54,621 - INFO - КЕШ: найден ответ для 'кто создатель...'
2026-08-22 22:04:08,108 - INFO - ЗАПРОС: пока... (режим: default)
2026-08-22 22:06:03,037 - INFO - КЕШ: сохранён ответ для 'пока...'
2026-08-22 22:06:03,129 - INFO - ОТВЕТ: Пока. Если понадобится помощь, дайте знать....
2026-08-22 22:17:56,448 - INFO - Кеш инициализирован
2026-08-23 18:03:02,567 - INFO - Кеш инициализирован
2026-08-23 22:09:44,718 - INFO - Кеш инициализирован
2026-08-24 00:13:09,154 - INFO - ✅ База данных инициализирована
2026-08-24 00:13:09,155 - INFO - 🔌 Проверка Ollama...
2026-08-24 00:13:11,291 - INFO - ✅ Ollama уже запущена
2026-08-24 00:13:13,652 - INFO - ✅ Кеш инициализирован
2026-08-24 00:13:14,572 - ERROR - ⚠️ Ошибка импорта PyQt6: cannot import name 'get_current_project_path' from 'modules.project_context' (D:\Zeta\modules\project_context.py)
2026-08-24 00:13:14,604 - ERROR - Установите: pip install PyQt6
2026-08-24 00:14:10,932 - INFO - ✅ База данных инициализирована
2026-08-24 00:14:10,933 - INFO - 🔌 Проверка Ollama...
2026-08-24 00:14:12,967 - INFO - ✅ Ollama уже запущена
2026-08-24 00:14:13,594 - INFO - ✅ Кеш инициализирован
2026-08-24 00:14:18,599 - INFO - 🔄 Начинаю предзагрузку моделей...
2026-08-24 00:14:20,617 - INFO - ⏳ Прогрев qwen2.5:7b...
2026-08-24 00:14:35,152 - INFO - ✅ База данных инициализирована
2026-08-24 00:14:35,153 - INFO - 🔌 Проверка Ollama...
2026-08-24 00:14:37,186 - INFO - ✅ Ollama уже запущена
2026-08-24 00:14:37,809 - INFO - ✅ Кеш инициализирован
2026-08-24 00:14:40,880 - INFO - 🔄 Начинаю предзагрузку моделей...
2026-08-24 00:14:42,889 - INFO - ⏳ Прогрев qwen2.5:7b...
2026-08-24 00:15:13,243 - INFO - ✅ База данных инициализирована
2026-08-24 00:15:13,246 - INFO - 🔌 Проверка Ollama...
2026-08-24 00:15:15,319 - INFO - ✅ Ollama уже запущена
2026-08-24 00:15:16,153 - INFO - ✅ Кеш инициализирован
2026-08-24 00:15:18,782 - INFO - 🔄 Начинаю предзагрузку моделей...
2026-08-24 00:15:20,796 - INFO - ⏳ Прогрев qwen2.5:7b...
2026-08-24 00:16:12,086 - INFO - ✅ qwen2.5:7b прогрета (51.3с)
2026-08-24 00:16:14,162 - INFO - ⏳ Прогрев llava:latest...
2026-08-24 00:16:23,008 - INFO - ✅ База данных инициализирована
2026-08-24 00:16:23,009 - INFO - 🔌 Проверка Ollama...
2026-08-24 00:16:25,482 - INFO - ✅ Ollama уже запущена
2026-08-24 00:16:26,461 - INFO - ✅ Кеш инициализирован
2026-08-24 00:16:29,140 - INFO - 🔄 Начинаю предзагрузку моделей...
2026-08-24 00:16:31,155 - INFO - ⏳ Прогрев qwen2.5:7b...
2026-08-24 00:16:42,757 - INFO - ✅ qwen2.5:7b прогрета (11.5с)
2026-08-24 00:16:44,773 - INFO - ⏳ Прогрев llava:latest...
2026-08-24 00:20:14,197 - INFO - ✅ База данных инициализирована
2026-08-24 00:20:14,198 - INFO - 🔌 Проверка Ollama...
2026-08-24 00:20:16,283 - INFO - ✅ Ollama уже запущена
2026-08-24 00:20:17,169 - INFO - ✅ Кеш инициализирован
2026-08-24 00:20:19,795 - INFO - 🔄 Начинаю предзагрузку моделей...
2026-08-24 00:20:21,811 - INFO - ⏳ Прогрев qwen2.5:7b...
2026-08-24 00:20:37,675 - INFO - ✅ qwen2.5:7b прогрета (15.9с)
2026-08-24 00:20:39,702 - INFO - ⏳ Прогрев llava:latest...
2026-08-24 00:20:56,389 - INFO - ✅ База данных инициализирована
2026-08-24 00:20:56,390 - INFO - 🔌 Проверка Ollama...
2026-08-24 00:20:58,436 - INFO - ✅ Ollama уже запущена
2026-08-24 00:20:59,256 - INFO - ✅ Кеш инициализирован
2026-08-24 00:21:02,053 - INFO - 🔄 Начинаю предзагрузку моделей...
2026-08-24 00:21:04,072 - INFO - ⏳ Прогрев qwen2.5:7b...
2026-08-24 00:21:13,813 - INFO - ✅ qwen2.5:7b прогрета (9.7с)
2026-08-24 00:21:15,826 - INFO - ⏳ Прогрев llava:latest...
2026-08-24 00:22:07,901 - INFO - ✅ База данных инициализирована
2026-08-24 00:22:07,901 - INFO - 🔌 Проверка Ollama...
2026-08-24 00:22:09,987 - INFO - ✅ Ollama уже запущена
2026-08-24 00:22:10,879 - INFO - ✅ Кеш инициализирован
2026-08-24 00:22:13,768 - INFO - 🔄 Начинаю предзагрузку моделей...
2026-08-24 00:22:15,795 - INFO - ⏳ Прогрев qwen2.5:7b...
2026-08-24 00:22:31,874 - INFO - ✅ qwen2.5:7b прогрета (16.1с)
2026-08-24 00:22:33,888 - INFO - ⏳ Прогрев llava:latest...
2026-08-24 00:23:24,200 - INFO - ✅ База данных инициализирована
2026-08-24 00:23:24,200 - INFO - 🔌 Проверка Ollama...
2026-08-24 00:23:26,243 - INFO - ✅ Ollama уже запущена
2026-08-24 00:23:27,078 - INFO - ✅ Кеш инициализирован
2026-08-24 00:23:29,893 - INFO - 🔄 Начинаю предзагрузку моделей...
2026-08-24 00:23:31,911 - INFO - ⏳ Прогрев qwen2.5:7b...
2026-08-24 00:23:45,941 - INFO - ✅ qwen2.5:7b прогрета (14.0с)
2026-08-24 00:23:47,962 - INFO - ⏳ Прогрев llava:latest...
2026-08-24 00:24:45,100 - INFO - ✅ llava:latest прогрета (57.1с)
2026-08-24 00:24:45,102 - INFO - ✅ Предзагрузка завершена!
2026-08-24 00:28:02,917 - INFO - ✅ База данных инициализирована
2026-08-24 00:28:02,926 - INFO - 🔌 Проверка Ollama...
2026-08-24 00:28:04,988 - INFO - ✅ Ollama уже запущена
2026-08-24 00:28:06,270 - INFO - ✅ Кеш инициализирован
2026-08-24 00:28:09,673 - INFO - 🔄 Начинаю предзагрузку моделей...
2026-08-24 00:28:11,687 - INFO - ⏳ Прогрев qwen2.5:7b...
2026-08-24 00:28:53,904 - INFO - 📩 ЗАПРОС: привет... (режим: default)
2026-08-24 00:28:56,867 - INFO - ✅ КЕШ: найден ответ для 'привет...'
2026-08-24 00:28:58,466 - INFO - ✅ qwen2.5:7b прогрета (46.8с)
2026-08-24 00:29:00,510 - INFO - ⏳ Прогрев llava:latest...
2026-08-24 00:29:16,208 - INFO - 📩 ЗАПРОС: ты умница... (режим: default)
2026-08-24 00:29:18,353 - INFO - ⏰ НАПОМИНАНИЕ: через None мин: None
2026-08-24 00:29:37,964 - INFO - 📩 ЗАПРОС: что такое... (режим: default)
2026-08-24 00:29:38,892 - INFO - ✅ llava:latest прогрета (38.4с)
2026-08-24 00:29:38,893 - INFO - ✅ Предзагрузка завершена!
2026-08-24 00:29:40,133 - INFO - ⏰ НАПОМИНАНИЕ: через None мин: None
2026-08-24 00:29:55,382 - INFO - 📩 ЗАПРОС: кто твое создатель... (режим: default)
2026-08-24 00:29:57,481 - INFO - ⏰ НАПОМИНАНИЕ: через None мин: None
2026-08-24 00:30:24,160 - INFO - ✅ База данных инициализирована
2026-08-24 00:30:24,160 - INFO - 🔌 Проверка Ollama...
2026-08-24 00:30:26,287 - INFO - ✅ Ollama уже запущена
2026-08-24 00:30:27,778 - INFO - ✅ Кеш инициализирован
2026-08-24 00:30:30,594 - INFO - 🔄 Начинаю предзагрузку моделей...
2026-08-24 00:30:32,666 - INFO - ⏳ Прогрев qwen2.5:7b...
2026-08-24 00:30:46,046 - INFO - ✅ qwen2.5:7b прогрета (13.4с)
2026-08-24 00:30:48,446 - INFO - ⏳ Прогрев llava:latest...
2026-08-24 00:30:55,124 - INFO - 📩 ЗАПРОС: привет... (режим: default)
2026-08-24 00:30:57,492 - INFO - ✅ КЕШ: найден ответ для 'привет...'
2026-08-24 00:31:03,063 - INFO - ✅ llava:latest прогрета (14.6с)
2026-08-24 00:31:03,063 - INFO - ✅ Предзагрузка завершена!
2026-08-24 00:31:24,514 - INFO - 📩 ЗАПРОС: кто твоя создатель... (режим: default)
2026-08-24 00:31:26,621 - INFO - ⏰ НАПОМИНАНИЕ: через None мин: None
2026-08-24 11:06:20,070 - INFO - ✅ База данных инициализирована
2026-08-24 11:06:20,071 - INFO - 🔌 Проверка Ollama...
2026-08-24 11:06:22,083 - INFO - ✅ Ollama уже запущена
2026-08-24 11:06:24,235 - INFO - ✅ Кеш инициализирован
2026-08-24 11:06:28,173 - INFO - 🔄 Начинаю предзагрузку моделей...
2026-08-24 11:06:30,190 - INFO - ⏳ Прогрев qwen2.5:7b...
2026-08-24 11:07:21,146 - INFO - ✅ qwen2.5:7b прогрета (51.0с)
2026-08-24 11:07:23,202 - INFO - ⏳ Прогрев llava:latest...
2026-08-24 12:07:22,830 - INFO - ✅ База данных инициализирована
2026-08-24 12:07:22,831 - INFO - 🔌 Проверка Ollama...
2026-08-24 12:07:24,862 - INFO - ✅ Ollama уже запущена
2026-08-24 12:07:26,986 - INFO - ✅ Кеш инициализирован
2026-08-24 12:07:32,015 - INFO - 🔄 Начинаю предзагрузку моделей...
2026-08-24 12:07:34,034 - INFO - ⏳ Прогрев qwen2.5:7b...
2026-08-24 12:08:19,983 - INFO - ✅ qwen2.5:7b прогрета (45.9с)
2026-08-24 12:08:22,035 - INFO - ⏳ Прогрев llava:latest...
2026-08-24 12:34:52,441 - INFO - ✅ База данных инициализирована
2026-08-24 12:34:52,442 - INFO - 🔌 Проверка Ollama...
2026-08-24 12:34:54,453 - INFO - ✅ Ollama уже запущена
2026-08-24 12:34:56,516 - INFO - ✅ Кеш инициализирован
2026-08-24 12:35:01,574 - INFO - 🔄 Начинаю предзагрузку моделей...
2026-08-24 12:35:03,587 - INFO - ⏳ Прогрев qwen2.5:7b...
2026-08-24 12:40:33,219 - INFO - ✅ Кеш инициализирован
2026-08-24 12:40:34,916 - INFO - [31m[1mWARNING: This is a development server. Do not use it in a production deployment. Use a production WSGI server instead.[0m
 * Running on all addresses (0.0.0.0)
 * Running on http://127.0.0.1:5000
 * Running on http://192.168.1.25:5000
2026-08-24 12:40:34,916 - INFO - [33mPress CTRL+C to quit[0m
2026-08-24 12:40:34,945 - INFO - 127.0.0.1 - - [24/Aug/2026 12:40:34] "GET / HTTP/1.1" 200 -
2026-08-24 12:40:35,221 - INFO - 127.0.0.1 - - [24/Aug/2026 12:40:35] "[33mGET /favicon.ico HTTP/1.1[0m" 404 -
2026-08-24 12:42:52,989 - INFO - ✅ Кеш инициализирован
2026-08-24 12:42:54,602 - INFO - [31m[1mWARNING: This is a development server. Do not use it in a production deployment. Use a production WSGI server instead.[0m
 * Running on all addresses (0.0.0.0)
 * Running on http://127.0.0.1:5000
 * Running on http://192.168.1.25:5000
2026-08-24 12:42:54,602 - INFO - [33mPress CTRL+C to quit[0m
2026-08-24 12:42:54,624 - INFO - 127.0.0.1 - - [24/Aug/2026 12:42:54] "GET / HTTP/1.1" 200 -
2026-08-24 12:44:45,834 - INFO - ✅ Кеш инициализирован
2026-08-24 12:44:47,396 - INFO - [31m[1mWARNING: This is a development server. Do not use it in a production deployment. Use a production WSGI server instead.[0m
 * Running on all addresses (0.0.0.0)
 * Running on http://127.0.0.1:5000
 * Running on http://192.168.1.25:5000
2026-08-24 12:44:47,396 - INFO - [33mPress CTRL+C to quit[0m
2026-08-24 12:44:47,451 - INFO - 127.0.0.1 - - [24/Aug/2026 12:44:47] "GET / HTTP/1.1" 200 -
2026-08-24 12:46:27,185 - INFO - ✅ Кеш инициализирован
2026-08-24 12:46:28,712 - INFO - [31m[1mWARNING: This is a development server. Do not use it in a production deployment. Use a production WSGI server instead.[0m
 * Running on all addresses (0.0.0.0)
 * Running on http://127.0.0.1:5000
 * Running on http://192.168.1.25:5000
2026-08-24 12:46:28,712 - INFO - [33mPress CTRL+C to quit[0m
2026-08-24 12:46:28,763 - INFO - 127.0.0.1 - - [24/Aug/2026 12:46:28] "GET / HTTP/1.1" 200 -
2026-08-24 12:46:33,501 - INFO - 127.0.0.1 - - [24/Aug/2026 12:46:33] "GET /status HTTP/1.1" 200 -
2026-08-24 12:46:34,533 - INFO - 127.0.0.1 - - [24/Aug/2026 12:46:34] "GET /status HTTP/1.1" 200 -
2026-08-24 12:46:36,304 - INFO - 127.0.0.1 - - [24/Aug/2026 12:46:36] "GET /facts HTTP/1.1" 200 -
2026-08-24 12:46:41,681 - INFO - 127.0.0.1 - - [24/Aug/2026 12:46:41] "GET /screenshot HTTP/1.1" 200 -
2026-08-24 12:49:34,869 - INFO - ✅ Кеш инициализирован
2026-08-24 12:49:36,374 - INFO - [31m[1mWARNING: This is a development server. Do not use it in a production deployment. Use a production WSGI server instead.[0m
 * Running on all addresses (0.0.0.0)
 * Running on http://127.0.0.1:5000
 * Running on http://192.168.1.25:5000
2026-08-24 12:49:36,374 - INFO - [33mPress CTRL+C to quit[0m
2026-08-24 12:49:36,463 - INFO - 127.0.0.1 - - [24/Aug/2026 12:49:36] "GET / HTTP/1.1" 200 -
2026-08-24 12:50:31,880 - INFO - 127.0.0.1 - - [24/Aug/2026 12:50:31] "[33mGET /.well-known/appspecific/com.chrome.devtools.json HTTP/1.1[0m" 404 -
2026-08-24 12:54:18,751 - INFO - ✅ Кеш инициализирован
2026-08-24 12:54:20,254 - INFO - [31m[1mWARNING: This is a development server. Do not use it in a production deployment. Use a production WSGI server instead.[0m
 * Running on all addresses (0.0.0.0)
 * Running on http://127.0.0.1:5000
 * Running on http://192.168.1.25:5000
2026-08-24 12:54:20,254 - INFO - [33mPress CTRL+C to quit[0m
2026-08-24 12:54:20,330 - INFO - 127.0.0.1 - - [24/Aug/2026 12:54:20] "GET / HTTP/1.1" 200 -
2026-08-24 12:54:33,014 - INFO - 127.0.0.1 - - [24/Aug/2026 12:54:33] "GET / HTTP/1.1" 200 -
2026-08-24 12:54:33,774 - INFO - 127.0.0.1 - - [24/Aug/2026 12:54:33] "GET / HTTP/1.1" 200 -
2026-08-24 12:54:34,400 - INFO - 127.0.0.1 - - [24/Aug/2026 12:54:34] "GET / HTTP/1.1" 200 -
2026-08-24 13:01:06,339 - INFO - ✅ Кеш инициализирован
2026-08-24 13:01:07,858 - INFO - [31m[1mWARNING: This is a development server. Do not use it in a production deployment. Use a production WSGI server instead.[0m
 * Running on all addresses (0.0.0.0)
 * Running on http://127.0.0.1:5000
 * Running on http://192.168.1.25:5000
2026-08-24 13:01:07,858 - INFO - [33mPress CTRL+C to quit[0m
2026-08-24 13:01:07,963 - INFO - 127.0.0.1 - - [24/Aug/2026 13:01:07] "GET / HTTP/1.1" 200 -
2026-08-24 13:06:15,447 - INFO - ✅ Кеш инициализирован
2026-08-24 13:06:16,969 - INFO - [31m[1mWARNING: This is a development server. Do not use it in a production deployment. Use a production WSGI server instead.[0m
 * Running on all addresses (0.0.0.0)
 * Running on http://127.0.0.1:5000
 * Running on http://192.168.1.25:5000
2026-08-24 13:06:16,969 - INFO - [33mPress CTRL+C to quit[0m
2026-08-24 13:06:17,024 - INFO - 127.0.0.1 - - [24/Aug/2026 13:06:17] "GET / HTTP/1.1" 200 -
2026-08-24 13:06:20,286 - INFO - 127.0.0.1 - - [24/Aug/2026 13:06:20] "GET /status HTTP/1.1" 200 -
2026-08-24 13:06:21,262 - INFO - 127.0.0.1 - - [24/Aug/2026 13:06:21] "GET /facts HTTP/1.1" 200 -
2026-08-24 13:14:31,216 - INFO - ✅ Кеш инициализирован
2026-08-24 13:14:32,512 - INFO - [31m[1mWARNING: This is a development server. Do not use it in a production deployment. Use a production WSGI server instead.[0m
 * Running on all addresses (0.0.0.0)
 * Running on http://127.0.0.1:5000
 * Running on http://192.168.1.25:5000
2026-08-24 13:14:32,512 - INFO - [33mPress CTRL+C to quit[0m
2026-08-24 13:14:33,869 - INFO - 127.0.0.1 - - [24/Aug/2026 13:14:33] "GET / HTTP/1.1" 200 -
2026-08-24 13:15:09,315 - INFO - ✅ Кеш инициализирован
2026-08-24 13:15:10,879 - INFO - [31m[1mWARNING: This is a development server. Do not use it in a production deployment. Use a production WSGI server instead.[0m
 * Running on all addresses (0.0.0.0)
 * Running on http://127.0.0.1:5000
 * Running on http://192.168.1.25:5000
2026-08-24 13:15:10,879 - INFO - [33mPress CTRL+C to quit[0m
2026-08-24 13:15:10,919 - INFO - 127.0.0.1 - - [24/Aug/2026 13:15:10] "GET / HTTP/1.1" 200 -
2026-08-24 13:15:14,752 - INFO - 127.0.0.1 - - [24/Aug/2026 13:15:14] "GET /status HTTP/1.1" 200 -
2026-08-24 13:18:04,770 - INFO - ✅ Кеш инициализирован
2026-08-24 13:18:06,064 - INFO - [31m[1mWARNING: This is a development server. Do not use it in a production deployment. Use a production WSGI server instead.[0m
 * Running on all addresses (0.0.0.0)
 * Running on http://127.0.0.1:5000
 * Running on http://192.168.1.25:5000
2026-08-24 13:18:06,064 - INFO - [33mPress CTRL+C to quit[0m
2026-08-24 13:18:07,382 - INFO - 127.0.0.1 - - [24/Aug/2026 13:18:07] "GET / HTTP/1.1" 200 -
2026-08-24 13:18:12,576 - INFO - 127.0.0.1 - - [24/Aug/2026 13:18:12] "GET /status HTTP/1.1" 200 -
2026-08-24 13:18:17,692 - INFO - 127.0.0.1 - - [24/Aug/2026 13:18:17] "GET /facts HTTP/1.1" 200 -
2026-08-24 13:18:22,238 - INFO - 127.0.0.1 - - [24/Aug/2026 13:18:22] "GET /history HTTP/1.1" 200 -
2026-08-24 13:29:10,595 - INFO - ✅ Кеш инициализирован
2026-08-24 13:29:11,900 - INFO - [31m[1mWARNING: This is a development server. Do not use it in a production deployment. Use a production WSGI server instead.[0m
 * Running on all addresses (0.0.0.0)
 * Running on http://127.0.0.1:5000
 * Running on http://192.168.1.25:5000
2026-08-24 13:29:11,900 - INFO - [33mPress CTRL+C to quit[0m
2026-08-24 13:29:13,154 - INFO - 127.0.0.1 - - [24/Aug/2026 13:29:13] "GET / HTTP/1.1" 200 -
2026-08-24 13:29:17,572 - INFO - 127.0.0.1 - - [24/Aug/2026 13:29:17] "GET /status HTTP/1.1" 200 -
2026-08-24 13:29:19,402 - INFO - 127.0.0.1 - - [24/Aug/2026 13:29:19] "GET /facts HTTP/1.1" 200 -
2026-08-24 13:34:02,574 - INFO - 127.0.0.1 - - [24/Aug/2026 13:34:02] "GET /history HTTP/1.1" 200 -
2026-08-24 13:34:19,994 - INFO - 127.0.0.1 - - [24/Aug/2026 13:34:19] "POST /clear HTTP/1.1" 200 -
2026-08-24 13:34:23,660 - INFO - 127.0.0.1 - - [24/Aug/2026 13:34:23] "POST /clear_facts HTTP/1.1" 200 -
2026-08-24 13:34:23,692 - INFO - 127.0.0.1 - - [24/Aug/2026 13:34:23] "GET /facts HTTP/1.1" 200 -
2026-08-24 13:34:30,269 - INFO - 127.0.0.1 - - [24/Aug/2026 13:34:30] "GET /status HTTP/1.1" 200 -
2026-08-24 13:34:32,248 - INFO - 127.0.0.1 - - [24/Aug/2026 13:34:32] "GET /history HTTP/1.1" 200 -
2026-08-24 13:34:49,605 - INFO - 📩 ЗАПРОС: привет... (режим: default)
2026-08-24 13:34:51,758 - INFO - ✅ КЕШ: найден ответ для 'привет...'
2026-08-24 13:34:51,758 - INFO - 127.0.0.1 - - [24/Aug/2026 13:34:51] "POST /chat HTTP/1.1" 200 -
2026-08-24 13:35:08,190 - INFO - 📩 ЗАПРОС: првет... (режим: default)
2026-08-24 13:35:10,296 - INFO - ⏰ НАПОМИНАНИЕ: через None мин: None
2026-08-24 13:35:10,296 - INFO - 127.0.0.1 - - [24/Aug/2026 13:35:10] "POST /chat HTTP/1.1" 200 -
2026-08-24 13:35:18,222 - INFO - 📩 ЗАПРОС: привет... (режим: default)
2026-08-24 13:35:20,337 - INFO - ✅ КЕШ: найден ответ для 'привет...'
2026-08-24 13:35:20,338 - INFO - 127.0.0.1 - - [24/Aug/2026 13:35:20] "POST /chat HTTP/1.1" 200 -
2026-08-24 18:00:38,920 - INFO - ✅ База данных инициализирована
2026-08-24 18:00:38,934 - INFO - 🔌 Проверка Ollama...
2026-08-24 18:00:40,965 - INFO - ✅ Ollama уже запущена
2026-08-24 18:00:50,016 - INFO - ✅ Кеш инициализирован
2026-08-24 18:10:06,733 - INFO - ✅ База данных инициализирована
2026-08-24 18:10:06,736 - INFO - 🔌 Проверка Ollama...
2026-08-24 18:10:08,786 - INFO - ✅ Ollama уже запущена
2026-08-24 18:10:13,566 - INFO - ✅ Кеш инициализирован
2026-08-24 18:10:16,392 - INFO - 🔄 Начинаю предзагрузку моделей...
2026-08-24 18:10:18,402 - INFO - ⏳ Прогрев qwen2.5:7b...
2026-08-24 18:11:14,305 - INFO - ✅ qwen2.5:7b прогрета (55.9с)
2026-08-24 18:11:16,340 - INFO - ⏳ Прогрев llava:latest...
2026-08-24 18:11:31,443 - INFO - ✅ База данных инициализирована
2026-08-24 18:11:31,444 - INFO - 🔌 Проверка Ollama...
2026-08-24 18:11:33,514 - INFO - ✅ Ollama уже запущена
2026-08-24 18:11:43,935 - INFO - ✅ Кеш инициализирован
2026-08-24 18:11:50,517 - INFO - 🔄 Начинаю предзагрузку моделей...
2026-08-24 18:11:52,536 - INFO - ⏳ Прогрев qwen2.5:7b...
2026-08-24 18:12:02,598 - INFO - ✅ qwen2.5:7b прогрета (10.1с)
2026-08-24 18:12:04,612 - INFO - ⏳ Прогрев llava:latest...
2026-08-24 18:34:58,886 - INFO - ✅ База данных инициализирована
2026-08-24 18:34:58,887 - INFO - 🔌 Проверка Ollama...
2026-08-24 18:35:00,934 - INFO - ✅ Ollama уже запущена
2026-08-24 18:35:08,420 - INFO - ✅ Кеш инициализирован
2026-08-24 18:35:12,553 - INFO - 🔄 Начинаю предзагрузку моделей...
2026-08-24 18:35:14,565 - INFO - ⏳ Прогрев qwen2.5:7b...
2026-08-24 18:36:03,271 - INFO - ✅ qwen2.5:7b прогрета (48.7с)
2026-08-24 18:36:05,323 - INFO - ⏳ Прогрев llava:latest...
2026-08-24 18:39:03,022 - INFO - ✅ База данных инициализирована
2026-08-24 18:39:03,023 - INFO - 🔌 Проверка Ollama...
2026-08-24 18:39:05,067 - INFO - ✅ Ollama уже запущена
2026-08-24 18:39:08,613 - INFO - ✅ Кеш инициализирован
2026-08-24 18:39:11,601 - INFO - 🔄 Начинаю предзагрузку моделей...
2026-08-24 18:39:13,613 - INFO - ⏳ Прогрев qwen2.5:7b...
2026-08-24 18:39:28,860 - INFO - ✅ qwen2.5:7b прогрета (15.2с)
2026-08-24 18:39:31,097 - INFO - ⏳ Прогрев llava:latest...
2026-08-24 18:40:55,433 - INFO - ✅ llava:latest прогрета (84.3с)
2026-08-24 18:40:55,434 - INFO - ✅ Предзагрузка завершена!
2026-08-24 18:49:11,359 - INFO - ✅ База данных инициализирована
2026-08-24 18:49:11,359 - INFO - 🔌 Проверка Ollama...
2026-08-24 18:49:13,412 - INFO - ✅ Ollama уже запущена
2026-08-24 18:49:16,903 - INFO - ✅ Кеш инициализирован
2026-08-24 18:49:17,473 - ERROR - ⚠️ Непредвиденная ошибка: 'ZetaWidget' object has no attribute 'load_chat_history'
2026-08-24 18:51:39,928 - INFO - ✅ База данных инициализирована
2026-08-24 18:51:39,931 - INFO - 🔌 Проверка Ollama...
2026-08-24 18:51:41,978 - INFO - ✅ Ollama уже запущена
2026-08-24 18:51:45,341 - INFO - ✅ Кеш инициализирован
2026-08-24 18:51:47,882 - INFO - 🔄 Начинаю предзагрузку моделей...
2026-08-24 18:51:49,898 - INFO - ⏳ Прогрев qwen2.5:7b...
2026-08-24 18:52:44,525 - INFO - ✅ qwen2.5:7b прогрета (54.6с)
2026-08-24 18:52:46,595 - INFO - ⏳ Прогрев llava:latest...
2026-08-24 18:55:28,281 - INFO - ✅ База данных инициализирована
2026-08-24 18:55:28,281 - INFO - 🔌 Проверка Ollama...
2026-08-24 18:55:30,320 - INFO - ✅ Ollama уже запущена
2026-08-24 18:55:33,392 - INFO - ✅ Кеш инициализирован
2026-08-24 18:55:36,009 - INFO - 🔄 Начинаю предзагрузку моделей...
2026-08-24 18:55:38,027 - INFO - ⏳ Прогрев qwen2.5:7b...
2026-08-24 18:55:49,399 - INFO - ✅ qwen2.5:7b прогрета (11.3с)
2026-08-24 18:55:51,415 - INFO - ⏳ Прогрев llava:latest...
2026-08-24 18:57:00,997 - INFO - ✅ llava:latest прогрета (69.6с)
2026-08-24 18:57:00,999 - INFO - ✅ Предзагрузка завершена!
2026-08-24 19:02:31,201 - INFO - ✅ База данных инициализирована
2026-08-24 19:02:31,202 - INFO - 🔌 Проверка Ollama...
2026-08-24 19:02:33,268 - INFO - ✅ Ollama уже запущена
2026-08-24 19:02:36,892 - INFO - ✅ Кеш инициализирован
2026-08-24 19:02:39,488 - INFO - 🔄 Начинаю предзагрузку моделей...
2026-08-24 19:02:41,514 - INFO - ⏳ Прогрев qwen2.5:7b...
2026-08-24 19:03:33,861 - INFO - ✅ qwen2.5:7b прогрета (52.3с)
2026-08-24 19:03:35,912 - INFO - ⏳ Прогрев llava:latest...
2026-08-24 19:04:37,841 - INFO - ✅ llava:latest прогрета (61.9с)
2026-08-24 19:04:37,842 - INFO - ✅ Предзагрузка завершена!
2026-08-24 19:12:14,094 - INFO - ✅ База данных инициализирована
2026-08-24 19:12:14,098 - INFO - 🔌 Проверка Ollama...
2026-08-24 19:12:16,167 - INFO - ✅ Ollama уже запущена
2026-08-24 19:12:20,195 - INFO - ✅ Кеш инициализирован
2026-08-24 19:12:23,150 - INFO - 🔄 Начинаю предзагрузку моделей...
2026-08-24 19:12:25,180 - INFO - ⏳ Прогрев qwen2.5:7b...
2026-08-24 19:13:19,017 - INFO - ✅ qwen2.5:7b прогрета (53.8с)
2026-08-24 19:13:21,199 - INFO - ⏳ Прогрев llava:latest...
2026-08-24 19:14:31,598 - INFO - ✅ llava:latest прогрета (70.4с)
2026-08-24 19:14:31,600 - INFO - ✅ Предзагрузка завершена!
2026-08-24 19:15:51,698 - INFO - ✅ База данных инициализирована
2026-08-24 19:15:51,699 - INFO - 🔌 Проверка Ollama...
2026-08-24 19:15:53,756 - INFO - ✅ Ollama уже запущена
2026-08-24 19:15:57,779 - INFO - ✅ Кеш инициализирован
2026-08-24 19:16:00,438 - INFO - 🔄 Начинаю предзагрузку моделей...
2026-08-24 19:16:02,454 - INFO - ⏳ Прогрев qwen2.5:7b...
2026-08-24 19:19:31,542 - INFO - ✅ База данных инициализирована
2026-08-24 19:19:31,563 - INFO - 🔌 Проверка Ollama...
2026-08-24 19:19:34,024 - INFO - ✅ Ollama уже запущена
2026-08-24 19:19:39,063 - INFO - ✅ Кеш инициализирован
2026-08-24 19:19:42,325 - INFO - 🔄 Начинаю предзагрузку моделей...
2026-08-24 19:19:44,358 - INFO - ⏳ Прогрев qwen2.5:7b...
2026-08-24 19:19:59,353 - INFO - ✅ qwen2.5:7b прогрета (15.0с)
2026-08-24 19:20:01,374 - INFO - ⏳ Прогрев llava:latest...
2026-08-24 19:21:01,280 - INFO - ✅ llava:latest прогрета (59.9с)
2026-08-24 19:21:01,281 - INFO - ✅ Предзагрузка завершена!
2026-08-24 19:28:23,024 - INFO - ✅ База данных инициализирована
2026-08-24 19:28:23,024 - INFO - 🔌 Проверка Ollama...
2026-08-24 19:28:25,117 - INFO - ✅ Ollama уже запущена
2026-08-24 19:28:29,043 - INFO - ✅ Кеш инициализирован
2026-08-24 19:28:32,510 - INFO - 🔄 Начинаю предзагрузку моделей...
2026-08-24 19:28:34,533 - INFO - ⏳ Прогрев qwen2.5:7b...
2026-08-24 19:29:25,357 - INFO - ✅ qwen2.5:7b прогрета (50.8с)
2026-08-24 19:29:27,434 - INFO - ⏳ Прогрев llava:latest...
2026-08-24 19:30:03,845 - INFO - ✅ База данных инициализирована
2026-08-24 19:30:03,846 - INFO - 🔌 Проверка Ollama...
2026-08-24 19:30:05,877 - INFO - ✅ Ollama уже запущена
2026-08-24 19:30:11,511 - INFO - ✅ Кеш инициализирован
2026-08-24 19:30:14,322 - INFO - 🔄 Начинаю предзагрузку моделей...
2026-08-24 19:30:16,346 - INFO - ⏳ Прогрев qwen2.5:7b...
2026-08-24 19:30:28,145 - INFO - ✅ qwen2.5:7b прогрета (11.8с)
2026-08-24 19:30:30,175 - INFO - ⏳ Прогрев llava:latest...
2026-08-24 19:31:32,243 - INFO - ✅ llava:latest прогрета (62.1с)
2026-08-24 19:31:32,265 - INFO - ✅ Предзагрузка завершена!
2026-08-24 19:31:58,945 - INFO - ✅ База данных инициализирована
2026-08-24 19:31:58,946 - INFO - 🔌 Проверка Ollama...
2026-08-24 19:32:01,025 - INFO - ✅ Ollama уже запущена
2026-08-24 19:32:07,723 - INFO - ✅ Кеш инициализирован
2026-08-24 19:32:10,673 - INFO - 🔄 Начинаю предзагрузку моделей...
2026-08-24 19:32:12,690 - INFO - ⏳ Прогрев qwen2.5:7b...
2026-08-24 19:33:11,345 - INFO - ✅ qwen2.5:7b прогрета (58.7с)
2026-08-24 19:33:13,362 - INFO - ⏳ Прогрев llava:latest...
2026-08-24 19:33:38,569 - INFO - ✅ llava:latest прогрета (25.2с)
2026-08-24 19:33:38,571 - INFO - ✅ Предзагрузка завершена!
2026-08-24 19:40:51,447 - INFO - ✅ База данных инициализирована
2026-08-24 19:40:51,448 - INFO - 🔌 Проверка Ollama...
2026-08-24 19:40:53,520 - INFO - ✅ Ollama уже запущена
2026-08-24 19:40:57,071 - INFO - ✅ Кеш инициализирован
2026-08-24 19:40:59,890 - INFO - 🔄 Начинаю предзагрузку моделей...
2026-08-24 19:41:01,911 - INFO - ⏳ Прогрев qwen2.5:7b...
2026-08-24 19:41:42,543 - INFO - ✅ База данных инициализирована
2026-08-24 19:41:42,544 - INFO - 🔌 Проверка Ollama...
2026-08-24 19:41:44,576 - INFO - ✅ Ollama уже запущена
2026-08-24 19:41:47,543 - INFO - ✅ Кеш инициализирован
2026-08-24 19:41:50,098 - INFO - 🔄 Начинаю предзагрузку моделей...
2026-08-24 19:41:52,122 - INFO - ⏳ Прогрев qwen2.5:7b...
2026-08-24 19:42:20,492 - INFO - ✅ qwen2.5:7b прогрета (28.4с)
2026-08-24 19:42:22,537 - INFO - ⏳ Прогрев llava:latest...
2026-08-24 19:46:00,175 - INFO - ✅ База данных инициализирована
2026-08-24 19:46:00,175 - INFO - 🔌 Проверка Ollama...
2026-08-24 19:46:02,233 - INFO - ✅ Ollama уже запущена
2026-08-24 19:46:05,754 - INFO - ✅ Кеш инициализирован
2026-08-24 19:46:08,446 - INFO - 🔄 Начинаю предзагрузку моделей...
2026-08-24 19:46:10,457 - INFO - ⏳ Прогрев qwen2.5:7b...
2026-08-24 19:46:20,901 - INFO - ✅ qwen2.5:7b прогрета (10.4с)
2026-08-24 19:46:22,917 - INFO - ⏳ Прогрев llava:latest...
2026-08-24 19:49:12,129 - INFO - ✅ База данных инициализирована
2026-08-24 19:49:12,130 - INFO - 🔌 Проверка Ollama...
2026-08-24 19:49:14,297 - INFO - ✅ Ollama уже запущена
2026-08-24 19:49:17,764 - INFO - ✅ Кеш инициализирован
2026-08-24 19:49:20,958 - INFO - 🔄 Начинаю предзагрузку моделей...
2026-08-24 19:49:22,969 - INFO - ⏳ Прогрев qwen2.5:7b...
2026-08-24 19:49:41,346 - INFO - ✅ qwen2.5:7b прогрета (18.4с)
2026-08-24 19:49:43,369 - INFO - ⏳ Прогрев llava:latest...
2026-08-24 19:50:22,611 - INFO - 📩 ЗАПРОС: привет... (режим: default)
2026-08-24 19:50:24,762 - INFO - ✅ КЕШ: найден ответ для 'привет...'
2026-08-24 19:50:59,279 - INFO - ✅ llava:latest прогрета (75.9с)
2026-08-24 19:50:59,280 - INFO - ✅ Предзагрузка завершена!
2026-08-24 19:55:26,042 - INFO - ✅ База данных инициализирована
2026-08-24 19:55:26,042 - INFO - 🔌 Проверка Ollama...
2026-08-24 19:55:28,099 - INFO - ✅ Ollama уже запущена
2026-08-24 19:55:31,654 - INFO - ✅ Кеш инициализирован
2026-08-24 19:55:34,405 - INFO - 🔄 Начинаю предзагрузку моделей...
2026-08-24 19:55:36,421 - INFO - ⏳ Прогрев qwen2.5:7b...
2026-08-24 19:56:25,366 - INFO - ✅ qwen2.5:7b прогрета (48.9с)
2026-08-24 19:56:27,425 - INFO - ⏳ Прогрев llava:latest...
2026-08-24 19:58:37,907 - INFO - ✅ База данных инициализирована
2026-08-24 19:58:37,907 - INFO - 🔌 Проверка Ollama...
2026-08-24 19:58:39,938 - INFO - ✅ Ollama уже запущена
2026-08-24 19:58:43,965 - INFO - ✅ Кеш инициализирован
2026-08-24 19:58:46,905 - INFO - 🔄 Начинаю предзагрузку моделей...
2026-08-24 19:58:48,923 - INFO - ⏳ Прогрев qwen2.5:7b...
2026-08-24 19:59:00,177 - INFO - ✅ qwen2.5:7b прогрета (11.2с)
2026-08-24 19:59:02,195 - INFO - ⏳ Прогрев llava:latest...
2026-08-24 19:59:04,891 - INFO - 📩 ЗАПРОС: приветики... (режим: default)
2026-08-24 19:59:07,231 - INFO - ⏰ НАПОМИНАНИЕ: через None мин: None
2026-08-24 19:59:58,825 - INFO - ✅ llava:latest прогрета (56.6с)
2026-08-24 19:59:58,838 - INFO - ✅ Предзагрузка завершена!
2026-08-24 20:08:56,363 - INFO - ✅ База данных инициализирована
2026-08-24 20:08:56,363 - INFO - 🔌 Проверка Ollama...
2026-08-24 20:08:58,399 - INFO - ✅ Ollama уже запущена
2026-08-24 20:09:02,052 - INFO - ✅ Кеш инициализирован
2026-08-24 20:09:04,821 - INFO - 🔄 Начинаю предзагрузку моделей...
2026-08-24 20:09:06,834 - INFO - ⏳ Прогрев qwen2.5:7b...
2026-08-24 20:09:06,887 - INFO - 📩 ЗАПРОС: привет... (режим: default)
2026-08-24 20:09:09,011 - INFO - ✅ КЕШ: найден ответ для 'привет...'
2026-08-24 20:09:50,152 - INFO - 📩 ЗАПРОС: расскажи коротко про песню... (режим: default)
2026-08-24 20:09:53,473 - INFO - ⏰ НАПОМИНАНИЕ: через 0 мин: 
2026-08-24 20:10:01,813 - INFO - ✅ qwen2.5:7b прогрета (55.0с)
2026-08-24 20:10:03,823 - INFO - ⏳ Прогрев llava:latest...
2026-08-24 20:10:39,458 - INFO - 📩 ЗАПРОС: расскажи что-нибудь коротко про песню Ленная саната... (режим: default)
2026-08-24 20:10:42,000 - INFO - ⏰ НАПОМИНАНИЕ: через 0 мин: 
2026-08-24 20:11:00,458 - INFO - 📩 ЗАПРОС: расскажи что-нибудь коротко про песню Ленная саната... (режим: default)
2026-08-24 20:11:03,322 - INFO - ⏰ НАПОМИНАНИЕ: через 0 мин: 
2026-08-24 20:11:08,352 - INFO - ✅ llava:latest прогрета (64.5с)
2026-08-24 20:11:08,353 - INFO - ✅ Предзагрузка завершена!
2026-08-24 20:15:57,219 - INFO - ✅ База данных инициализирована
2026-08-24 20:15:57,220 - INFO - 🔌 Проверка Ollama...
2026-08-24 20:15:59,263 - INFO - ✅ Ollama уже запущена
2026-08-24 20:16:02,640 - INFO - ✅ Кеш инициализирован
2026-08-24 20:16:05,500 - INFO - 🔄 Начинаю предзагрузку моделей...
2026-08-24 20:16:07,522 - INFO - ⏳ Прогрев qwen2.5:7b...
2026-08-24 20:16:08,066 - INFO - 📩 ЗАПРОС: привет... (режим: default)
2026-08-24 20:16:10,178 - INFO - ✅ КЕШ: найден ответ для 'привет...'
2026-08-24 20:16:31,422 - INFO - 📩 ЗАПРОС: расскажи про песню Лунная саната... (режим: default)
2026-08-24 20:16:33,957 - INFO - ⏰ НАПОМИНАНИЕ: через 0 мин: 
2026-08-24 20:16:50,143 - INFO - 📩 ЗАПРОС: что ты знаешь про лунная саната... (режим: default)
2026-08-24 20:16:52,980 - INFO - ⏰ НАПОМИНАНИЕ: через 0 мин: 
2026-08-24 20:17:01,729 - INFO - ✅ qwen2.5:7b прогрета (54.2с)
2026-08-24 20:17:03,749 - INFO - ⏳ Прогрев llava:latest...
2026-08-25 19:15:05,609 - INFO - ✅ База данных инициализирована
2026-08-25 19:15:05,620 - INFO - 🔌 Проверка Ollama...
2026-08-25 19:15:07,642 - INFO - ✅ Ollama уже запущена
2026-08-25 19:15:15,471 - INFO - ✅ Кеш инициализирован
2026-08-25 19:15:19,040 - INFO - 🔄 Начинаю предзагрузку моделей...
2026-08-25 19:15:21,055 - INFO - ⏳ Прогрев qwen2.5:7b...
2026-08-26 11:01:56,587 - INFO - ✅ База данных инициализирована
2026-08-26 11:01:56,607 - INFO - 🔌 Проверка Ollama...
2026-08-26 11:01:58,629 - INFO - ✅ Ollama уже запущена
2026-08-26 11:02:07,647 - INFO - ✅ Кеш инициализирован
2026-08-26 11:02:13,411 - INFO - 🔄 Начинаю предзагрузку моделей...
2026-08-26 11:02:15,428 - INFO - ⏳ Прогрев qwen2.5:7b...
2026-08-26 11:03:10,604 - INFO - ✅ qwen2.5:7b прогрета (55.1с)
2026-08-26 11:03:12,656 - INFO - ⏳ Прогрев llava:latest...
2026-08-26 19:10:30,819 - INFO - ✅ База данных инициализирована
2026-08-26 19:10:30,836 - INFO - 🔌 Проверка Ollama...
2026-08-26 19:10:32,859 - INFO - ✅ Ollama уже запущена
2026-08-26 19:10:50,784 - INFO - ✅ Кеш инициализирован
2026-08-26 19:10:57,127 - INFO - 🔄 Начинаю предзагрузку моделей...
2026-08-26 19:10:59,141 - INFO - ⏳ Прогрев qwen2.5:7b...
2026-08-26 19:11:59,312 - INFO - ✅ qwen2.5:7b прогрета (60.2с)
2026-08-26 19:12:01,334 - INFO - ⏳ Прогрев llava:latest...
2026-08-26 19:13:17,439 - INFO - ✅ llava:latest прогрета (76.1с)
2026-08-26 19:13:17,440 - INFO - ✅ Предзагрузка завершена!
2026-08-26 21:24:49,959 - INFO - ✅ База данных инициализирована
2026-08-26 21:24:49,976 - INFO - 🔌 Проверка Ollama...
2026-08-26 21:24:52,006 - INFO - ✅ Ollama уже запущена
2026-08-26 21:25:00,033 - INFO - ✅ Кеш инициализирован
2026-08-26 21:25:05,471 - INFO - 🔄 Начинаю предзагрузку моделей...
2026-08-26 21:25:07,494 - INFO - ⏳ Прогрев qwen2.5:7b...
2026-08-26 21:26:00,354 - INFO - ✅ qwen2.5:7b прогрета (52.9с)
2026-08-26 21:26:02,433 - INFO - ⏳ Прогрев llava:latest...
2026-08-26 21:27:06,277 - INFO - ✅ llava:latest прогрета (63.8с)
2026-08-26 21:27:06,296 - INFO - ✅ Предзагрузка завершена!
2026-08-26 21:30:35,377 - INFO - ✅ База данных инициализирована
2026-08-26 21:30:35,388 - INFO - 🔌 Проверка Ollama...
2026-08-26 21:30:37,585 - INFO - ✅ Ollama уже запущена
2026-08-26 21:30:50,963 - INFO - ✅ Кеш инициализирован
2026-08-26 21:30:55,922 - INFO - 🔄 Начинаю предзагрузку моделей...
2026-08-26 21:30:57,966 - INFO - ⏳ Прогрев qwen2.5:7b...
2026-08-26 21:31:04,620 - INFO - 📩 ЗАПРОС: привет... (режим: default)
2026-08-26 21:31:07,072 - INFO - ✅ КЕШ: найден ответ для 'привет...'
2026-08-26 21:31:33,355 - INFO - ✅ qwen2.5:7b прогрета (35.4с)
2026-08-26 21:31:35,390 - INFO - ⏳ Прогрев llava:latest...
2026-08-26 21:31:40,816 - INFO - 📩 ЗАПРОС: расскажи про атом коротко но понятно... (режим: default)
2026-08-26 21:31:42,950 - INFO - ⏰ НАПОМИНАНИЕ: через 0 мин: 
2026-08-26 21:32:20,933 - INFO - ✅ llava:latest прогрета (45.5с)
2026-08-26 21:32:20,934 - INFO - ✅ Предзагрузка завершена!
2026-08-26 21:36:37,540 - INFO - ✅ База данных инициализирована
2026-08-26 21:36:37,541 - INFO - 🔌 Проверка Ollama...
2026-08-26 21:36:40,031 - INFO - ✅ Ollama уже запущена
2026-08-26 21:36:48,331 - INFO - ✅ Кеш инициализирован
2026-08-26 21:36:54,017 - INFO - 🔄 Начинаю предзагрузку моделей...
2026-08-26 21:36:56,028 - INFO - ⏳ Прогрев qwen2.5:7b...
2026-08-26 21:36:56,659 - INFO - 📩 ЗАПРОС: привет... (режим: default)
2026-08-26 21:36:58,806 - INFO - ✅ КЕШ: найден ответ для 'привет...'
2026-08-26 21:37:25,011 - INFO - 📩 ЗАПРОС: расскажи про атом коротко... (режим: default)
2026-08-26 21:37:27,275 - INFO - ⏰ НАПОМИНАНИЕ: через 0 мин: 
2026-08-26 21:37:49,824 - INFO - ✅ qwen2.5:7b прогрета (53.8с)
2026-08-26 21:37:51,859 - INFO - ⏳ Прогрев llava:latest...
2026-08-26 21:39:01,826 - INFO - ✅ llava:latest прогрета (69.9с)
2026-08-26 21:39:01,827 - INFO - ✅ Предзагрузка завершена!
2026-08-26 21:39:28,581 - INFO - ✅ База данных инициализирована
2026-08-26 21:39:28,582 - INFO - 🔌 Проверка Ollama...
2026-08-26 21:39:30,635 - INFO - ✅ Ollama уже запущена
2026-08-26 21:39:34,864 - INFO - ✅ Кеш инициализирован
2026-08-26 21:39:38,253 - INFO - 🔄 Начинаю предзагрузку моделей...
2026-08-26 21:39:40,013 - INFO - 📩 ЗАПРОС: привет... (режим: default)
2026-08-26 21:39:40,361 - INFO - ⏳ Прогрев qwen2.5:7b...
2026-08-26 21:39:42,135 - INFO - ✅ КЕШ: найден ответ для 'привет...'
2026-08-26 21:40:01,948 - INFO - 📩 ЗАПРОС: расскажи про атом коротко... (режим: default)
2026-08-26 21:40:04,098 - INFO - ⏰ НАПОМИНАНИЕ: через 0 мин: 
2026-08-26 21:40:29,035 - INFO - ✅ qwen2.5:7b прогрета (48.7с)
2026-08-26 21:40:31,081 - INFO - ⏳ Прогрев llava:latest...
2026-08-26 21:42:33,470 - INFO - ✅ База данных инициализирована
2026-08-26 21:42:33,470 - INFO - 🔌 Проверка Ollama...
2026-08-26 21:42:35,537 - INFO - ✅ Ollama уже запущена
2026-08-26 21:42:39,111 - INFO - ✅ Кеш инициализирован
2026-08-26 21:42:42,193 - INFO - 🔄 Начинаю предзагрузку моделей...
2026-08-26 21:42:44,200 - INFO - ⏳ Прогрев qwen2.5:7b...
2026-08-26 21:42:49,599 - INFO - 📩 ЗАПРОС: привет... (режим: default)
2026-08-26 21:42:52,081 - INFO - ✅ КЕШ: найден ответ для 'привет...'
2026-08-26 21:42:58,678 - INFO - ✅ qwen2.5:7b прогрета (14.5с)
2026-08-26 21:43:00,686 - INFO - ⏳ Прогрев llava:latest...
2026-08-26 21:43:01,192 - INFO - 📩 ЗАПРОС: расскажи про атом... (режим: default)
2026-08-26 21:43:03,430 - INFO - ⏰ НАПОМИНАНИЕ: через 0 мин: 
2026-08-26 21:43:18,005 - INFO - ✅ llava:latest прогрета (17.3с)
2026-08-26 21:43:18,006 - INFO - ✅ Предзагрузка завершена!
2026-08-26 21:49:04,395 - INFO - ✅ База данных инициализирована
2026-08-26 21:49:04,396 - INFO - 🔌 Проверка Ollama...
2026-08-26 21:49:06,416 - INFO - ✅ Ollama уже запущена
2026-08-26 21:49:10,220 - INFO - ✅ Кеш инициализирован
2026-08-26 21:49:13,697 - INFO - 🔄 Начинаю предзагрузку моделей...
2026-08-26 21:49:15,714 - INFO - ⏳ Прогрев qwen2.5:7b...
2026-08-26 21:50:05,571 - INFO - ✅ qwen2.5:7b прогрета (49.9с)
2026-08-26 21:50:07,616 - INFO - ⏳ Прогрев llava:latest...
2026-08-26 21:50:38,884 - INFO - 📩 ЗАПРОС: расскажи про атом коротко... (режим: default)
2026-08-26 21:50:41,301 - INFO - 📂 ФАЙЛ: 
2026-08-26 21:51:01,741 - INFO - 📩 ЗАПРОС: найди игформацию про атом... (режим: default)
2026-08-26 21:51:04,759 - INFO - ✅ llava:latest прогрета (57.1с)
2026-08-26 21:51:04,759 - INFO - ✅ Предзагрузка завершена!
2026-08-26 21:51:05,150 - INFO - response: https://www.bing.com/search?q=%D0%BD%D0%B0%D0%B9%D0%B4%D0%B8+%D0%B8%D0%B3%D1%84%D0%BE%D1%80%D0%BC%D0%B0%D1%86%D0%B8%D1%8E+%D0%BF%D1%80%D0%BE+%D0%B0%D1%82%D0%BE%D0%BC 200
2026-08-26 21:54:39,582 - INFO - ✅ База данных инициализирована
2026-08-26 21:54:39,583 - INFO - 🔌 Проверка Ollama...
2026-08-26 21:54:41,620 - INFO - ✅ Ollama уже запущена
2026-08-26 21:54:45,006 - INFO - ✅ Кеш инициализирован
2026-08-26 21:54:48,422 - INFO - 🔄 Начинаю предзагрузку моделей...
2026-08-26 21:54:50,432 - INFO - ⏳ Прогрев qwen2.5:7b...
2026-08-26 21:54:58,714 - INFO - 📩 ЗАПРОС: расскажи про атом коротко... (режим: default)
2026-08-26 21:55:00,935 - INFO - 📂 ФАЙЛ: 
2026-08-26 21:55:11,959 - INFO - 📩 ЗАПРОС: что такое атом... (режим: default)
2026-08-26 21:55:14,066 - INFO - 📂 ФАЙЛ: 
2026-08-26 21:55:31,593 - INFO - ✅ qwen2.5:7b прогрета (41.2с)
2026-08-26 21:55:33,602 - INFO - ⏳ Прогрев llava:latest...
2026-08-26 21:55:50,795 - INFO - ✅ llava:latest прогрета (17.2с)
2026-08-26 21:55:50,795 - INFO - ✅ Предзагрузка завершена!
2026-08-26 21:58:36,386 - INFO - ✅ База данных инициализирована
2026-08-26 21:58:36,389 - INFO - 🔌 Проверка Ollama...
2026-08-26 21:58:38,461 - INFO - ✅ Ollama уже запущена
2026-08-26 21:58:41,802 - INFO - ✅ Кеш инициализирован
2026-08-26 21:58:44,492 - INFO - 🔄 Начинаю предзагрузку моделей...
2026-08-26 21:58:46,515 - INFO - ⏳ Прогрев qwen2.5:7b...
2026-08-26 21:58:58,000 - INFO - ✅ qwen2.5:7b прогрета (11.5с)
2026-08-26 21:58:58,419 - INFO - 📩 ЗАПРОС: привет... (режим: default)
2026-08-26 21:59:00,018 - INFO - ⏳ Прогрев llava:latest...
2026-08-26 21:59:00,537 - INFO - ✅ КЕШ: найден ответ для 'привет...'
2026-08-26 21:59:10,500 - INFO - ✅ llava:latest прогрета (10.5с)
2026-08-26 21:59:10,502 - INFO - ✅ Предзагрузка завершена!
2026-08-26 21:59:13,150 - INFO - 📩 ЗАПРОС: расскажи про атом коротко... (режим: default)
2026-08-26 21:59:15,319 - INFO - 📂 ФАЙЛ: 
2026-08-26 21:59:22,263 - INFO - 📩 ЗАПРОС: что такое атом... (режим: default)
2026-08-26 21:59:24,375 - INFO - 📂 ФАЙЛ: 
2026-08-26 22:00:08,536 - INFO - ✅ База данных инициализирована
2026-08-26 22:00:08,539 - INFO - 🔌 Проверка Ollama...
2026-08-26 22:00:10,561 - INFO - ✅ Ollama уже запущена
2026-08-26 22:00:14,293 - INFO - ✅ Кеш инициализирован
2026-08-26 22:00:17,035 - INFO - 🔄 Начинаю предзагрузку моделей...
2026-08-26 22:00:19,090 - INFO - ⏳ Прогрев qwen2.5:7b...
2026-08-26 22:00:22,617 - INFO - 📩 ЗАПРОС: что такое атом... (режим: default)
2026-08-26 22:00:25,751 - INFO - 📂 ФАЙЛ: 
2026-08-26 22:00:30,819 - INFO - ✅ qwen2.5:7b прогрета (11.7с)
2026-08-26 22:00:32,828 - INFO - ⏳ Прогрев llava:latest...
2026-08-26 22:02:43,707 - INFO - ✅ База данных инициализирована
2026-08-26 22:02:43,708 - INFO - 🔌 Проверка Ollama...
2026-08-26 22:02:45,752 - INFO - ✅ Ollama уже запущена
2026-08-26 22:02:49,597 - INFO - ✅ Кеш инициализирован
2026-08-26 22:02:52,224 - INFO - 🔄 Начинаю предзагрузку моделей...
2026-08-26 22:02:54,231 - INFO - ⏳ Прогрев qwen2.5:7b...
2026-08-26 22:02:58,494 - INFO - 📩 ЗАПРОС: что такое атом... (режим: default)
2026-08-26 22:03:00,664 - INFO - 📂 ФАЙЛ: 
2026-08-26 22:03:07,393 - INFO - ✅ qwen2.5:7b прогрета (13.2с)
2026-08-26 22:03:09,402 - INFO - ⏳ Прогрев llava:latest...
2026-08-26 22:03:11,937 - INFO - 📩 ЗАПРОС: расскажи про атом... (режим: default)
2026-08-26 22:03:14,158 - INFO - 📂 ФАЙЛ: 
2026-08-26 22:03:21,501 - INFO - ✅ llava:latest прогрета (12.1с)
2026-08-26 22:03:21,502 - INFO - ✅ Предзагрузка завершена!
2026-08-26 22:06:07,248 - INFO - ✅ База данных инициализирована
2026-08-26 22:06:07,248 - INFO - 🔌 Проверка Ollama...
2026-08-26 22:06:09,279 - INFO - ✅ Ollama уже запущена
2026-08-26 22:06:12,482 - INFO - ✅ Кеш инициализирован
2026-08-26 22:06:15,225 - INFO - 🔄 Начинаю предзагрузку моделей...
2026-08-26 22:06:17,234 - INFO - ⏳ Прогрев qwen2.5:7b...
2026-08-26 22:06:22,176 - INFO - 📩 ЗАПРОС: привет... (режим: default)
2026-08-26 22:06:24,346 - INFO - ✅ КЕШ: найден ответ для 'привет...'
2026-08-26 22:06:28,103 - INFO - ✅ qwen2.5:7b прогрета (10.9с)
2026-08-26 22:06:30,111 - INFO - ⏳ Прогрев llava:latest...
2026-08-26 22:06:34,379 - INFO - 📩 ЗАПРОС: что такое атом... (режим: default)
2026-08-26 22:06:36,552 - INFO - 📂 ФАЙЛ: 
2026-08-26 22:06:42,104 - INFO - ✅ llava:latest прогрета (12.0с)
2026-08-26 22:06:42,104 - INFO - ✅ Предзагрузка завершена!
2026-08-26 22:09:14,192 - INFO - ✅ База данных инициализирована
2026-08-26 22:09:14,202 - INFO - 🔌 Проверка Ollama...
2026-08-26 22:09:16,264 - INFO - ✅ Ollama уже запущена
2026-08-26 22:09:20,764 - INFO - ✅ Кеш инициализирован
2026-08-26 22:09:23,937 - INFO - 🔄 Начинаю предзагрузку моделей...
2026-08-26 22:09:25,956 - INFO - ⏳ Прогрев qwen2.5:7b...
2026-08-26 22:09:35,944 - INFO - ✅ qwen2.5:7b прогрета (9.9с)
2026-08-26 22:09:37,959 - INFO - ⏳ Прогрев llava:latest...
2026-08-26 22:09:55,231 - INFO - ✅ llava:latest прогрета (17.1с)
2026-08-26 22:09:55,237 - INFO - ✅ Предзагрузка завершена!
2026-08-26 22:11:27,754 - INFO - ✅ База данных инициализирована
2026-08-26 22:11:27,756 - INFO - 🔌 Проверка Ollama...
2026-08-26 22:11:29,835 - INFO - ✅ Ollama уже запущена
2026-08-26 22:11:33,120 - INFO - ✅ Кеш инициализирован
2026-08-26 22:11:35,843 - INFO - 🔄 Начинаю предзагрузку моделей...
2026-08-26 22:11:37,851 - INFO - ⏳ Прогрев qwen2.5:7b...
2026-08-26 22:11:42,970 - INFO - 📩 ЗАПРОС: привет... (режим: default)
2026-08-26 22:11:45,186 - INFO - ✅ КЕШ: найден ответ для 'привет...'
2026-08-26 22:11:53,212 - INFO - ✅ qwen2.5:7b прогрета (15.4с)
2026-08-26 22:11:55,219 - INFO - ⏳ Прогрев llava:latest...
2026-08-26 22:12:03,655 - INFO - 📩 ЗАПРОС: что такое яблока... (режим: default)
2026-08-26 22:12:06,067 - INFO - 📂 ФАЙЛ: 
2026-08-26 22:12:06,492 - INFO - ✅ llava:latest прогрета (11.3с)
2026-08-26 22:12:06,492 - INFO - ✅ Предзагрузка завершена!
2026-08-26 22:27:47,124 - INFO - Zeta v4.0 (26 августа 2026)
2026-08-26 22:27:47,187 - INFO - База данных инициализирована
2026-08-26 22:27:47,188 - INFO - 🔌 Проверка Ollama...
2026-08-26 22:27:49,254 - INFO - Ollama уже запущена
2026-08-26 22:27:54,936 - INFO - ✅ Кеш инициализирован
2026-08-26 22:27:55,268 - ERROR - ⚠️ Непредвиденная ошибка: type object 'ApplicationAttribute' has no attribute 'AA_EnableHighDpiScaling'
2026-08-26 22:28:36,915 - INFO - Zeta v4.0 (26 августа 2026)
2026-08-26 22:28:36,928 - INFO - База данных инициализирована
2026-08-26 22:28:36,928 - INFO - 🔌 Проверка Ollama...
2026-08-26 22:28:38,966 - INFO - Ollama уже запущена
2026-08-26 22:28:43,252 - INFO - ✅ Кеш инициализирован
2026-08-26 22:28:50,233 - INFO - 📩 ЗАПРОС: привет... (режим: default)
2026-08-26 22:28:52,356 - INFO - ✅ КЕШ: найден ответ для 'привет...'
2026-08-26 22:28:52,837 - INFO - 📦 Найдены модели: phi3:mini, gemma:2b, llama3.2:3b, mistral:latest, llava:latest, qwen2.5:7b
2026-08-26 22:28:52,837 - INFO - 🔄 Начинаю предзагрузку моделей...
2026-08-26 22:28:52,837 - INFO - ⏳ Прогрев qwen2.5:7b...
2026-08-26 22:29:15,656 - INFO - 📩 ЗАПРОС: что такое атом... (режим: default)
2026-08-26 22:29:17,877 - INFO - ⏰ НАПОМИНАНИЕ: через 0 мин: 
2026-08-26 22:29:44,394 - INFO - 🔄 Завершение работы...
2026-08-26 22:29:46,319 - INFO - До свидания! 👋
2026-08-26 22:29:47,283 - INFO - qwen2.5:7b прогрета (54.4с)
2026-08-26 22:29:47,284 - INFO - ⏳ Прогрев llava:latest...
2026-08-26 22:30:51,484 - INFO - llava:latest прогрета (64.2с)
2026-08-26 22:30:51,485 - INFO - Предзагрузка завершена!
2026-08-26 22:31:13,333 - INFO - Zeta v4.0 (26 августа 2026)
2026-08-26 22:31:13,515 - INFO - База данных инициализирована
2026-08-26 22:31:13,516 - INFO - 🔌 Проверка Ollama...
2026-08-26 22:31:15,803 - INFO - Ollama уже запущена
2026-08-26 22:31:21,087 - INFO - ✅ Кеш инициализирован
2026-08-26 22:31:30,915 - INFO - 📦 Найдены модели: phi3:mini, gemma:2b, llama3.2:3b, mistral:latest, llava:latest, qwen2.5:7b
2026-08-26 22:31:30,916 - INFO - 🔄 Начинаю предзагрузку моделей...
2026-08-26 22:31:30,916 - INFO - ⏳ Прогрев qwen2.5:7b...
2026-08-26 22:31:39,597 - INFO - 📩 ЗАПРОС: скажи что такое атом в физике... (режим: default)
2026-08-26 22:31:41,786 - INFO - ⏰ НАПОМИНАНИЕ: через 0 мин: 
2026-08-26 22:32:13,536 - INFO - qwen2.5:7b прогрета (42.6с)
2026-08-26 22:32:13,537 - INFO - ⏳ Прогрев llava:latest...
2026-08-26 22:32:20,644 - INFO - llava:latest прогрета (7.1с)
2026-08-26 22:32:20,644 - INFO - Предзагрузка завершена!
2026-08-26 22:32:21,767 - INFO - 🔄 Завершение работы...
2026-08-26 22:32:21,863 - INFO - До свидания! 👋
2026-08-26 22:36:11,228 - INFO - Zeta v4.0 (26 августа 2026)
2026-08-26 22:36:11,357 - INFO - База данных инициализирована
2026-08-26 22:36:11,357 - INFO - 🔌 Проверка Ollama...
2026-08-26 22:36:13,570 - INFO - Ollama уже запущена
2026-08-26 22:36:18,817 - INFO - ✅ Кеш инициализирован
2026-08-26 22:36:29,873 - INFO - 📦 Найдены модели: phi3:mini, gemma:2b, llama3.2:3b, mistral:latest, llava:latest, qwen2.5:7b
2026-08-26 22:36:29,873 - INFO - 🔄 Начинаю предзагрузку моделей...
2026-08-26 22:36:29,874 - INFO - ⏳ Прогрев qwen2.5:7b...
2026-08-26 22:37:19,385 - INFO - qwen2.5:7b прогрета (49.5с)
2026-08-26 22:37:19,385 - INFO - ⏳ Прогрев llava:latest...
2026-08-26 22:37:51,737 - INFO - 📩 ЗАПРОС: привет... (режим: default)
2026-08-26 22:37:53,916 - INFO - ✅ КЕШ: найден ответ для 'привет...'
2026-08-26 22:38:06,577 - INFO - 📩 ЗАПРОС: привет... (режим: default)
2026-08-26 22:38:10,808 - INFO - ✅ КЕШ: найден ответ для 'привет...'
2026-08-26 22:38:19,587 - INFO - 📩 ЗАПРОС: что ты... (режим: default)
2026-08-26 22:38:21,914 - INFO - ⏰ НАПОМИНАНИЕ: через 0 мин: 
2026-08-26 22:38:23,271 - INFO - llava:latest прогрета (63.9с)
2026-08-26 22:38:23,272 - INFO - Предзагрузка завершена!
2026-08-26 22:38:47,483 - INFO - 🔄 Завершение работы...
2026-08-26 22:38:47,591 - INFO - До свидания! 👋
2026-08-26 23:23:11,897 - INFO - Zeta v4.0 (26 августа 2026)
2026-08-26 23:23:12,201 - INFO - База данных инициализирована
2026-08-26 23:23:12,201 - INFO - 🔌 Проверка Ollama...
2026-08-26 23:23:14,733 - INFO - Ollama уже запущена
2026-08-26 23:23:25,418 - INFO - ✅ Кеш инициализирован
2026-08-26 23:23:37,583 - INFO - 📦 Найдены модели: zeta-custom:latest
2026-08-26 23:23:37,584 - INFO - 🔄 Начинаю предзагрузку моделей...
2026-08-26 23:23:37,584 - INFO - ⏳ Модель qwen2.5:7b не установлена, пропускаем...
2026-08-26 23:23:37,584 - INFO - ⏳ Модель llava:latest не установлена, пропускаем...
2026-08-26 23:23:37,584 - INFO - Предзагрузка завершена!
2026-08-26 23:38:10,003 - INFO - Zeta v4.0 (26 августа 2026)
2026-08-26 23:38:10,033 - INFO - База данных инициализирована
2026-08-26 23:38:10,034 - INFO - 🔌 Проверка Ollama...
2026-08-26 23:38:12,074 - INFO - Ollama уже запущена
2026-08-26 23:38:16,763 - INFO - ✅ Кеш инициализирован
2026-08-26 23:38:27,342 - INFO - 📦 Найдены модели: zeta-custom:latest
2026-08-26 23:38:27,343 - INFO - 🔄 Начинаю предзагрузку моделей...
2026-08-26 23:38:27,343 - INFO - ⏳ Модель qwen2.5:7b не установлена, пропускаем...
2026-08-26 23:38:27,343 - INFO - ⏳ Модель llava:latest не установлена, пропускаем...
2026-08-26 23:38:27,343 - INFO - Предзагрузка завершена!
2026-08-26 23:39:25,893 - INFO - 📩 ЗАПРОС: что такое ядерные колайдер... (режим: default)
2026-08-26 23:39:28,053 - INFO - ⏰ НАПОМИНАНИЕ: через 0 мин: 
2026-08-29 21:49:18,786 - INFO - Zeta v4.0 (26 августа 2026)
2026-08-29 21:49:18,996 - INFO - База данных инициализирована
2026-08-29 21:49:18,996 - INFO - 🔌 Проверка Ollama...
2026-08-29 21:49:21,031 - INFO - Ollama уже запущена
2026-08-29 21:49:29,761 - INFO - 🔄 Завершение работы...
2026-08-29 21:49:29,861 - INFO - До свидания! 👋
2026-08-31 13:12:13,802 - INFO - Zeta v4.0 (26 августа 2026)
2026-08-31 13:12:14,078 - INFO - База данных инициализирована
2026-08-31 13:12:14,082 - INFO - 🔌 Проверка Ollama...
2026-08-31 13:12:16,122 - INFO - Ollama уже запущена
2026-08-31 13:12:18,405 - INFO - 🔄 Завершение работы...
2026-08-31 13:12:18,510 - INFO - До свидания! 👋
2026-08-31 14:06:51,739 - INFO - Zeta v4.0 (26 августа 2026)
2026-08-31 14:06:52,225 - INFO - База данных инициализирована
2026-08-31 14:06:52,266 - INFO - 🔌 Проверка Ollama...
2026-08-31 14:06:54,326 - INFO - Ollama уже запущена
2026-08-31 14:07:05,597 - INFO - ✅ Кеш инициализирован
2026-08-31 14:07:18,898 - INFO - 📦 Найдены модели: zeta-en:latest, zeta-ru:latest, zeta-uz-ru:latest, zeta-uz:latest, zeta-universal:latest, qwen2.5:7b, zeta-custom:latest
2026-08-31 14:07:18,899 - INFO - 🔄 Начинаю предзагрузку моделей...
2026-08-31 14:07:18,899 - INFO - ⏳ Прогрев qwen2.5:7b...
2026-08-31 14:07:26,040 - INFO - 📩 ЗАПРОС: привет... (режим: default)
2026-08-31 14:07:28,228 - INFO - ✅ КЕШ: найден ответ для 'привет...'
2026-08-31 14:07:52,537 - INFO - 📩 ЗАПРОС: расскажи коротко про атом... (режим: default)
2026-08-31 14:07:54,865 - INFO - ⏰ НАПОМИНАНИЕ: через 0 мин: 
2026-08-31 14:08:07,859 - INFO - qwen2.5:7b прогрета (49.0с)
2026-08-31 14:08:07,860 - INFO - ⏳ Модель llava:latest не установлена, пропускаем...
2026-08-31 14:08:07,869 - INFO - Предзагрузка завершена!
2026-08-31 14:12:16,016 - INFO - Zeta v4.0 (26 августа 2026)
2026-08-31 14:12:16,117 - INFO - База данных инициализирована
2026-08-31 14:12:16,119 - INFO - 🔌 Проверка Ollama...
2026-08-31 14:12:18,222 - INFO - Ollama уже запущена
2026-08-31 14:12:25,346 - INFO - ✅ Кеш инициализирован
2026-08-31 14:12:37,269 - INFO - 📦 Найдены модели: zeta-en:latest, zeta-ru:latest, zeta-uz-ru:latest, zeta-uz:latest, zeta-universal:latest, qwen2.5:7b, zeta-custom:latest
2026-08-31 14:12:37,269 - INFO - 🔄 Начинаю предзагрузку моделей...
2026-08-31 14:12:37,269 - INFO - ⏳ Прогрев qwen2.5:7b...
2026-08-31 14:12:37,649 - INFO - 📩 ЗАПРОС: расскажи про атом... (режим: default)
2026-08-31 14:12:41,670 - INFO - ⚠️ Ollama не запущена, пробую запустить...
2026-08-31 14:12:41,670 - INFO - 🚀 Запуск Ollama...
2026-08-31 14:12:48,927 - INFO - ⏰ НАПОМИНАНИЕ: через 0 мин: 
2026-08-31 14:12:49,918 - INFO - qwen2.5:7b прогрета (12.6с)
2026-08-31 14:12:49,919 - INFO - ⏳ Модель llava:latest не установлена, пропускаем...
2026-08-31 14:12:49,919 - INFO - Предзагрузка завершена!
2026-08-31 14:16:15,864 - INFO - Zeta v4.0 (26 августа 2026)
2026-08-31 14:16:15,987 - INFO - База данных инициализирована
2026-08-31 14:16:15,988 - INFO - 🔌 Проверка Ollama...
2026-08-31 14:16:18,191 - INFO - Ollama уже запущена
2026-08-31 14:16:26,529 - INFO - ✅ Кеш инициализирован
2026-08-31 14:16:37,188 - INFO - 📩 ЗАПРОС: расскажи про атом... (режим: default)
2026-08-31 14:16:37,270 - INFO - 📦 Найдены модели: zeta-en:latest, zeta-ru:latest, zeta-uz-ru:latest, zeta-uz:latest, zeta-universal:latest, qwen2.5:7b, zeta-custom:latest
2026-08-31 14:16:37,270 - INFO - 🔄 Начинаю предзагрузку моделей...
2026-08-31 14:16:37,271 - INFO - ⏳ Прогрев qwen2.5:7b...
2026-08-31 14:16:39,311 - INFO - ⏰ НАПОМИНАНИЕ: через 0 мин: 
2026-08-31 14:16:47,238 - INFO - qwen2.5:7b прогрета (10.0с)
2026-08-31 14:16:47,238 - INFO - ⏳ Модель llava:latest не установлена, пропускаем...
2026-08-31 14:16:47,239 - INFO - Предзагрузка завершена!
2026-08-31 14:20:38,715 - INFO - Zeta v4.0 (26 августа 2026)
2026-08-31 14:20:38,779 - INFO - База данных инициализирована
2026-08-31 14:20:38,779 - INFO - 🔌 Проверка Ollama...
2026-08-31 14:20:40,816 - INFO - Ollama уже запущена
2026-08-31 14:20:47,213 - INFO - ✅ Кеш инициализирован
2026-08-31 14:20:51,678 - INFO - 📩 ЗАПРОС: что такое атом... (режим: default)
2026-08-31 14:20:53,781 - INFO - ⏰ НАПОМИНАНИЕ: через 0 мин: 
2026-08-31 14:20:57,864 - INFO - 📦 Найдены модели: zeta-en:latest, zeta-ru:latest, zeta-uz-ru:latest, zeta-uz:latest, zeta-universal:latest, qwen2.5:7b
2026-08-31 14:20:57,864 - INFO - 🔄 Начинаю предзагрузку моделей...
2026-08-31 14:20:57,878 - INFO - ⏳ Прогрев qwen2.5:7b...
2026-08-31 14:22:01,030 - INFO - qwen2.5:7b прогрета (63.1с)
2026-08-31 14:22:01,077 - INFO - ⏳ Модель llava:latest не установлена, пропускаем...
2026-08-31 14:22:01,181 - INFO - Предзагрузка завершена!
2026-08-31 14:24:33,941 - INFO - Zeta v4.0 (26 августа 2026)
2026-08-31 14:24:34,155 - INFO - База данных инициализирована
2026-08-31 14:24:34,155 - INFO - 🔌 Проверка Ollama...
2026-08-31 14:24:36,206 - INFO - Ollama уже запущена
2026-08-31 14:24:41,954 - INFO - ✅ Кеш инициализирован
2026-08-31 14:24:52,389 - INFO - 📦 Найдены модели: zeta-en:latest, zeta-ru:latest, zeta-uz-ru:latest, zeta-uz:latest, zeta-universal:latest, qwen2.5:7b
2026-08-31 14:24:52,390 - INFO - 🔄 Начинаю предзагрузку моделей...
2026-08-31 14:24:52,390 - INFO - ⏳ Прогрев qwen2.5:7b...
2026-08-31 14:24:56,458 - INFO - 📩 ЗАПРОС: кто ты... (режим: default)
2026-08-31 14:24:58,785 - INFO - ⏰ НАПОМИНАНИЕ: через 0 мин: 
2026-08-31 14:25:22,891 - INFO - 🔄 Завершение работы...
2026-08-31 14:25:23,301 - INFO - 🔄 Завершение работы...
2026-08-31 14:25:23,515 - INFO - До свидания! 👋
2026-08-31 14:28:23,113 - INFO - Zeta v4.0 (26 августа 2026)
2026-08-31 14:28:23,141 - INFO - База данных инициализирована
2026-08-31 14:28:23,146 - INFO - 🔌 Проверка Ollama...
2026-08-31 14:28:25,219 - INFO - Ollama уже запущена
2026-08-31 14:28:31,318 - INFO - ✅ Кеш инициализирован
2026-08-31 14:28:41,107 - INFO - 📦 Найдены модели: llava:latest, zeta-en:latest, zeta-ru:latest, zeta-uz-ru:latest, zeta-uz:latest, zeta-universal:latest, qwen2.5:7b
2026-08-31 14:28:41,107 - INFO - 🔄 Начинаю предзагрузку моделей...
2026-08-31 14:28:41,108 - INFO - ⏳ Прогрев qwen2.5:7b...
2026-08-31 14:28:46,048 - INFO - 📩 ЗАПРОС: что такое атом... (режим: default)
2026-08-31 14:28:48,292 - INFO - ⏰ НАПОМИНАНИЕ: через 0 мин: 
2026-08-31 14:29:38,167 - INFO - qwen2.5:7b прогрета (57.0с)
2026-08-31 14:29:38,250 - INFO - ⏳ Прогрев llava:latest...
2026-08-31 14:31:00,001 - INFO - llava:latest прогрета (81.7с)
2026-08-31 14:31:00,009 - INFO - Предзагрузка завершена!
2026-08-31 14:31:45,660 - INFO - Zeta v4.0 (26 августа 2026)
2026-08-31 14:31:45,736 - INFO - База данных инициализирована
2026-08-31 14:31:45,736 - INFO - 🔌 Проверка Ollama...
2026-08-31 14:31:47,873 - INFO - Ollama уже запущена
2026-08-31 14:31:53,992 - INFO - ✅ Кеш инициализирован
2026-08-31 14:32:01,739 - INFO - 📩 ЗАПРОС: что такое атом... (режим: default)
2026-08-31 14:32:03,930 - INFO - ⏰ НАПОМИНАНИЕ: через 0 мин: 
2026-08-31 14:32:04,235 - INFO - 📦 Найдены модели: llava:latest, zeta-en:latest, zeta-ru:latest, zeta-uz-ru:latest, zeta-uz:latest, zeta-universal:latest, qwen2.5:7b
2026-08-31 14:32:04,235 - INFO - 🔄 Начинаю предзагрузку моделей...
2026-08-31 14:32:04,235 - INFO - ⏳ Прогрев qwen2.5:7b...
2026-08-31 14:32:55,866 - INFO - qwen2.5:7b прогрета (51.6с)
2026-08-31 14:32:55,923 - INFO - ⏳ Прогрев llava:latest...
2026-08-31 14:34:54,537 - INFO - Zeta v4.0 (26 августа 2026)
2026-08-31 14:34:54,562 - INFO - База данных инициализирована
2026-08-31 14:34:54,562 - INFO - 🔌 Проверка Ollama...
2026-08-31 14:34:56,655 - INFO - Ollama уже запущена
2026-08-31 14:35:02,264 - INFO - ✅ Кеш инициализирован
2026-08-31 14:35:12,258 - INFO - 📦 Найдены модели: llava:latest, zeta-en:latest, zeta-ru:latest, zeta-uz-ru:latest, zeta-uz:latest, zeta-universal:latest, qwen2.5:7b
2026-08-31 14:35:12,259 - INFO - 🔄 Начинаю предзагрузку моделей...
2026-08-31 14:35:12,259 - INFO - ⏳ Модель zeta-universal не установлена, пропускаем...
2026-08-31 14:35:12,259 - INFO - ⏳ Прогрев llava:latest...
2026-08-31 14:35:12,299 - INFO - 📩 ЗАПРОС: привет... (режим: default)
2026-08-31 14:35:14,406 - INFO - ✅ КЕШ: найден ответ для 'привет...'
2026-08-31 14:35:26,365 - INFO - 📩 ЗАПРОС: что такое атом... (режим: default)
2026-08-31 14:35:28,835 - INFO - llava:latest прогрета (16.6с)
2026-08-31 14:35:28,836 - INFO - Предзагрузка завершена!
2026-08-31 14:35:28,934 - INFO - ⏰ НАПОМИНАНИЕ: через 0 мин: 
2026-08-31 14:39:05,919 - INFO - Zeta v4.0 (26 августа 2026)
2026-08-31 14:39:05,983 - INFO - База данных инициализирована
2026-08-31 14:39:05,983 - INFO - 🔌 Проверка Ollama...
2026-08-31 14:39:08,061 - INFO - Ollama уже запущена
2026-08-31 14:39:14,177 - INFO - ✅ Кеш инициализирован
2026-08-31 14:39:21,847 - INFO - 🔄 Начинаю предзагрузку моделей...
2026-08-31 14:39:23,864 - INFO - ⏳ Прогрев zeta-universal...
2026-08-31 14:39:26,740 - INFO - 📩 ЗАПРОС: привет... (режим: default)
2026-08-31 14:39:29,323 - INFO - ✅ КЕШ: найден ответ для 'привет...'
2026-08-31 14:39:41,699 - INFO - 📩 ЗАПРОС: что такое атом... (режим: default)
2026-08-31 14:39:44,029 - INFO - ⏰ НАПОМИНАНИЕ: через 0 мин: 
2026-08-31 14:40:07,842 - INFO - 🔄 Завершение работы...
2026-08-31 14:40:08,083 - INFO - 🔄 Завершение работы...
2026-08-31 14:40:08,176 - INFO - До свидания! 👋
2026-08-31 14:42:16,948 - INFO - Zeta v4.0 (26 августа 2026)
2026-08-31 14:42:17,079 - INFO - База данных инициализирована
2026-08-31 14:42:17,080 - INFO - 🔌 Проверка Ollama...
2026-08-31 14:42:19,381 - INFO - Ollama уже запущена
2026-08-31 14:42:24,731 - INFO - ✅ Кеш инициализирован
2026-08-31 14:42:28,946 - INFO - 📩 ЗАПРОС: что такое атом... (режим: default)
2026-08-31 14:42:31,053 - INFO - ⏰ НАПОМИНАНИЕ: через 0 мин: 
2026-08-31 14:42:33,015 - INFO - 🔄 Начинаю предзагрузку моделей...
2026-08-31 14:42:35,030 - INFO - ⏳ Прогрев zeta-universal...
2026-08-31 14:42:40,084 - INFO - 🔄 Завершение работы...
2026-08-31 14:42:40,477 - INFO - 🔄 Завершение работы...
2026-08-31 14:42:40,833 - INFO - До свидания! 👋
2026-08-31 14:49:22,814 - INFO - Zeta v4.0 (26 августа 2026)
2026-08-31 14:49:22,937 - INFO - База данных инициализирована
2026-08-31 14:49:22,938 - INFO - 🔌 Проверка Ollama...
2026-08-31 14:49:24,973 - INFO - Ollama уже запущена
2026-08-31 14:49:30,835 - INFO - ✅ Кеш инициализирован
2026-08-31 14:49:38,463 - INFO - 🔄 Начинаю предзагрузку моделей...
2026-08-31 14:49:40,482 - INFO - ⏳ Прогрев zeta-universal...
2026-08-31 14:50:31,666 - INFO - 📩 ЗАПРОС: что такое атом... (режим: default)
2026-08-31 14:50:34,256 - INFO - 📂 ФАЙЛ: 
2026-08-31 14:50:51,620 - INFO - zeta-universal прогрета (71.1с)
2026-08-31 14:50:53,629 - INFO - ⏳ Прогрев llava:latest...
2026-08-31 14:51:01,789 - INFO - 🔄 Завершение работы...
2026-08-31 14:51:02,085 - INFO - 🔄 Завершение работы...
2026-08-31 14:51:02,314 - INFO - 🔄 Завершение работы...
2026-08-31 14:51:02,523 - INFO - 🔄 Завершение работы...
2026-08-31 14:51:02,777 - INFO - 🔄 Завершение работы...
2026-08-31 14:51:03,014 - INFO - 🔄 Завершение работы...
2026-08-31 14:51:03,045 - INFO - 🔄 Завершение работы...
2026-08-31 14:51:08,125 - INFO - До свидания! 👋
2026-08-31 14:51:13,603 - INFO - 🔄 Завершение работы...
2026-08-31 14:51:13,862 - INFO - 🔄 Завершение работы...
2026-08-31 14:51:14,171 - INFO - 🔄 Завершение работы...
2026-08-31 14:51:14,362 - INFO - 🔄 Завершение работы...
2026-08-31 14:51:14,712 - INFO - До свидания! 👋
2026-08-31 19:03:17,154 - INFO - Zeta v4.0 (26 августа 2026)
2026-08-31 19:03:17,534 - INFO - База данных инициализирована
2026-08-31 19:03:17,534 - INFO - 🔌 Проверка Ollama...
2026-08-31 19:03:19,579 - INFO - Ollama уже запущена
2026-08-31 19:03:28,456 - INFO - ✅ Кеш инициализирован
2026-08-31 19:03:37,967 - INFO - 🔄 Начинаю предзагрузку моделей...
2026-08-31 19:03:39,981 - INFO - ⏳ Прогрев zeta-universal...
2026-08-31 19:04:50,061 - INFO - zeta-universal прогрета (70.1с)
2026-08-31 19:04:52,077 - INFO - ⏳ Прогрев llava:latest...
2026-08-31 19:05:06,990 - INFO - 📩 ЗАПРОС: привет... (режим: default)
2026-08-31 19:05:09,437 - INFO - ✅ КЕШ: найден ответ для 'привет...'
2026-08-31 19:06:28,327 - INFO - 📩 ЗАПРОС: что такое атом... (режим: default)
2026-08-31 19:06:30,490 - INFO - 🌐 ПЕРЕВОД: на None
2026-08-31 19:07:01,471 - INFO - llava:latest прогрета (129.4с)
2026-08-31 19:07:01,472 - INFO - Предзагрузка завершена!
2026-08-31 19:21:10,801 - INFO - Zeta v4.0 (26 августа 2026)
2026-08-31 19:21:10,941 - INFO - База данных инициализирована
2026-08-31 19:21:10,942 - INFO - 🔌 Проверка Ollama...
2026-08-31 19:21:13,071 - INFO - Ollama уже запущена
2026-08-31 19:21:23,905 - ERROR - ⚠️ Ошибка импорта PyQt6: cannot import name 'handle_rag' from 'modules.rag' (D:\Zeta\modules\rag.py)
2026-08-31 19:21:23,905 - ERROR - Установите: pip install PyQt6
2026-08-31 19:22:57,271 - INFO - Zeta v4.0 (26 августа 2026)
2026-08-31 19:22:57,283 - INFO - База данных инициализирована
2026-08-31 19:22:57,284 - INFO - 🔌 Проверка Ollama...
2026-08-31 19:22:59,312 - INFO - Ollama уже запущена
2026-08-31 19:23:04,130 - ERROR - ⚠️ Ошибка импорта PyQt6: cannot import name 'handle_rag' from 'modules.rag' (D:\Zeta\modules\rag.py)
2026-08-31 19:23:04,130 - ERROR - Установите: pip install PyQt6
2026-08-31 19:24:05,570 - INFO - Zeta v4.0 (26 августа 2026)
2026-08-31 19:24:05,584 - INFO - База данных инициализирована
2026-08-31 19:24:05,584 - INFO - 🔌 Проверка Ollama...
2026-08-31 19:24:07,602 - INFO - Ollama уже запущена
2026-08-31 19:24:12,093 - INFO - ✅ Кеш инициализирован
2026-08-31 19:24:20,759 - INFO - 📩 ЗАПРОС: привет... (режим: default)
2026-08-31 19:24:22,732 - INFO - 🔄 Начинаю предзагрузку моделей...
2026-08-31 19:24:22,894 - INFO - ✅ КЕШ: найден ответ для 'привет...'
2026-08-31 19:24:24,751 - INFO - ⏳ Прогрев zeta-universal...
2026-08-31 19:24:37,966 - INFO - 📩 ЗАПРОС: что такое атом... (режим: default)
2026-08-31 19:24:40,187 - INFO - 💬 ОБЫЧНЫЙ ВОПРОС → ОТВЕЧАЮ В ЧАТЕ
2026-08-31 19:24:40,936 - INFO - response: https://www.bing.com/search?q=%D1%87%D1%82%D0%BE+%D1%82%D0%B0%D0%BA%D0%BE%D0%B5+%D0%B0%D1%82%D0%BE%D0%BC 200
2026-08-31 19:24:44,590 - ERROR - ❌ Ошибка: 404 Client Error: Not Found for url: http://localhost:11434/api/generate
2026-08-31 19:25:20,872 - ERROR - ⚠️ Ollama упала! Попробуйте перезапустить Zeta.
2026-08-31 19:25:21,881 - INFO - 🔄 Завершение работы...
2026-08-31 19:25:22,620 - INFO - До свидания! 👋
2026-08-31 19:25:40,450 - INFO - 🔄 Завершение работы...
2026-08-31 19:25:40,694 - INFO - 🔄 Завершение работы...
2026-08-31 19:25:41,091 - INFO - zeta-universal прогрета (76.3с)
2026-08-31 19:25:43,105 - INFO - ⏳ Прогрев llava:latest...
2026-08-31 19:25:46,387 - INFO - До свидания! 👋
2026-08-31 19:26:48,235 - INFO - Zeta v4.0 (26 августа 2026)
2026-08-31 19:26:48,387 - INFO - База данных инициализирована
2026-08-31 19:26:48,388 - INFO - 🔌 Проверка Ollama...
2026-08-31 19:26:50,410 - INFO - Ollama уже запущена
2026-08-31 19:26:55,245 - INFO - ✅ Кеш инициализирован
2026-08-31 19:27:02,827 - INFO - 🔄 Начинаю предзагрузку моделей...
2026-08-31 19:27:04,838 - INFO - ⏳ Прогрев zeta-universal...
2026-08-31 19:27:11,458 - INFO - zeta-universal прогрета (6.6с)
2026-08-31 19:27:13,472 - INFO - ⏳ Прогрев llava:latest...
2026-08-31 19:27:22,931 - INFO - 📩 ЗАПРОС: что такое атом, расскажи коротко... (режим: default)
2026-08-31 19:27:25,205 - INFO - 💬 ОБЫЧНЫЙ ВОПРОС → ОТВЕЧАЮ В ЧАТЕ
2026-08-31 19:27:25,859 - INFO - response: https://www.bing.com/search?q=%D1%87%D1%82%D0%BE+%D1%82%D0%B0%D0%BA%D0%BE%D0%B5+%D0%B0%D1%82%D0%BE%D0%BC%2C+%D1%80%D0%B0%D1%81%D1%81%D0%BA%D0%B0%D0%B6%D0%B8+%D0%BA%D0%BE%D1%80%D0%BE%D1%82%D0%BA%D0%BE 200
2026-08-31 19:27:29,095 - ERROR - ❌ Ошибка: 404 Client Error: Not Found for url: http://localhost:11434/api/generate
2026-09-02 22:32:51,001 - INFO - Zeta v4.0 (26 августа 2026)
2026-09-02 22:32:51,209 - INFO - База данных инициализирована
2026-09-02 22:32:51,210 - INFO - 🔌 Проверка Ollama...
2026-09-02 22:32:53,313 - INFO - Ollama уже запущена
2026-09-02 22:33:02,062 - INFO - ✅ Кеш инициализирован
2026-09-02 22:33:09,823 - INFO - 📩 ЗАПРОС: что такое атом... (режим: default)
2026-09-02 22:33:11,936 - INFO - 💬 ОБЫЧНЫЙ ВОПРОС → ОТВЕЧАЮ В ЧАТЕ
2026-09-02 22:33:12,967 - INFO - response: https://www.bing.com/search?q=%D1%87%D1%82%D0%BE+%D1%82%D0%B0%D0%BA%D0%BE%D0%B5+%D0%B0%D1%82%D0%BE%D0%BC 200
2026-09-02 22:33:15,775 - ERROR - ❌ Ошибка: 404 Client Error: Not Found for url: http://localhost:11434/api/generate
2026-09-02 22:33:42,215 - INFO - 🔄 Завершение работы...
2026-09-02 22:33:42,299 - INFO - До свидания! 👋
2026-09-02 22:43:04,844 - INFO - Zeta v4.0 (26 августа 2026)
2026-09-02 22:43:04,987 - INFO - База данных инициализирована
2026-09-02 22:43:04,988 - INFO - 🔌 Проверка Ollama...
2026-09-02 22:43:07,045 - INFO - Ollama уже запущена
2026-09-02 22:43:13,126 - INFO - ✅ Кеш инициализирован
2026-09-02 22:43:18,217 - INFO - 📩 ЗАПРОС: что такое атом... (режим: default)
2026-09-02 22:43:20,301 - INFO - 💬 ОБЫЧНЫЙ ВОПРОС → ОТВЕЧАЮ В ЧАТЕ
2026-09-02 22:43:21,203 - INFO - response: https://www.bing.com/search?q=%D1%87%D1%82%D0%BE+%D1%82%D0%B0%D0%BA%D0%BE%D0%B5+%D0%B0%D1%82%D0%BE%D0%BC 200
2026-09-02 22:43:24,256 - ERROR - ❌ Ошибка: 404 Client Error: Not Found for url: http://localhost:11434/api/generate
2026-09-02 22:44:27,402 - INFO - 🔄 Завершение работы...
2026-09-02 22:44:27,520 - INFO - До свидания! 👋
2026-09-02 22:45:22,278 - INFO - Zeta v4.0 (26 августа 2026)
2026-09-02 22:45:22,294 - INFO - База данных инициализирована
2026-09-02 22:45:22,295 - INFO - 🔌 Проверка Ollama...
2026-09-02 22:45:24,319 - INFO - Ollama уже запущена
2026-09-02 22:45:28,739 - INFO - ✅ Кеш инициализирован
2026-09-02 22:48:16,983 - INFO - 📩 ЗАПРОС: что такое атом... (режим: default)
2026-09-02 22:48:19,081 - INFO - 💬 ОБЫЧНЫЙ ВОПРОС → ОТВЕЧАЮ В ЧАТЕ
2026-09-02 22:48:19,887 - INFO - response: https://www.bing.com/search?q=%D1%87%D1%82%D0%BE+%D1%82%D0%B0%D0%BA%D0%BE%D0%B5+%D0%B0%D1%82%D0%BE%D0%BC 200
2026-09-02 22:48:22,885 - ERROR - ❌ Ошибка: 404 Client Error: Not Found for url: http://localhost:11434/api/generate
2026-09-02 22:48:59,461 - INFO - 🔄 Завершение работы...
2026-09-02 22:48:59,558 - INFO - До свидания! 👋
2026-09-02 22:51:03,912 - INFO - Zeta v4.0 (26 августа 2026)
2026-09-02 22:51:04,048 - INFO - База данных инициализирована
2026-09-02 22:51:04,049 - INFO - 🔌 Проверка Ollama...
2026-09-02 22:51:06,089 - INFO - Ollama уже запущена
2026-09-02 22:51:10,650 - INFO - ✅ Кеш инициализирован
2026-09-02 22:51:21,222 - INFO - 📩 ЗАПРОС: что такое атом... (режим: default)
2026-09-02 22:51:23,318 - INFO - 💬 ОБЫЧНЫЙ ВОПРОС → ОТВЕЧАЮ В ЧАТЕ
2026-09-02 22:51:23,903 - INFO - response: https://www.bing.com/search?q=%D1%87%D1%82%D0%BE+%D1%82%D0%B0%D0%BA%D0%BE%D0%B5+%D0%B0%D1%82%D0%BE%D0%BC 200
2026-09-02 22:54:35,111 - INFO - ✅ КЕШ: сохранён ответ для 'что такое атом...'
2026-09-02 22:54:35,224 - INFO - 📊 Статистика: Всего запросов: 20, Сегодня: 1
2026-09-02 22:54:35,224 - INFO - ✅ ОТВЕТ: Вы спрашиваете о атоме. Атом — это самая малая часть химического элемента, которая сохраняет все хим...
2026-09-02 22:55:53,031 - INFO - 🔄 Завершение работы...
2026-09-02 22:55:53,118 - INFO - До свидания! 👋
2026-09-02 23:22:23,846 - INFO - Zeta v4.0 (26 августа 2026)
2026-09-02 23:22:24,004 - INFO - База данных инициализирована
2026-09-02 23:22:24,004 - INFO - 🔌 Проверка Ollama...
2026-09-02 23:22:26,043 - INFO - Ollama уже запущена
2026-09-02 23:22:31,023 - INFO - ✅ Кеш инициализирован
2026-09-02 23:22:51,904 - INFO - 📩 ЗАПРОС: что такое атом... (режим: default)
2026-09-02 23:22:54,022 - INFO - ✅ КЕШ: найден ответ для 'что такое атом...'
2026-09-02 23:23:42,098 - INFO - 📩 ЗАПРОС: что такое чёрная дыра... (режим: default)
2026-09-02 23:23:44,208 - INFO - 💬 ОБЫЧНЫЙ ВОПРОС → ОТВЕЧАЮ В ЧАТЕ
2026-09-02 23:23:44,945 - INFO - response: https://en.wikipedia.org/w/api.php?action=opensearch&profile=fuzzy&limit=1&search=%D1%87%D1%82%D0%BE%20%D1%82%D0%B0%D0%BA%D0%BE%D0%B5%20%D1%87%D1%91%D1%80%D0%BD%D0%B0%D1%8F%20%D0%B4%D1%8B%D1%80%D0%B0 200
2026-09-02 23:23:45,157 - INFO - response: https://grokipedia.com/api/typeahead?query=%D1%87%D1%82%D0%BE+%D1%82%D0%B0%D0%BA%D0%BE%D0%B5+%D1%87%D1%91%D1%80%D0%BD%D0%B0%D1%8F+%D0%B4%D1%8B%D1%80%D0%B0&limit=1 200
2026-09-02 23:23:46,417 - INFO - response: https://html.duckduckgo.com/html/ 202
2026-09-02 23:24:06,420 - INFO - Error in engine mojeek: TimeoutException(TimeoutError('error sending request for url (https://www.mojeek.com/search?q=%D1%87%D1%82%D0%BE+%D1%82%D0%B0%D0%BA%D0%BE%D0%B5+%D1%87%D1%91%D1%80%D0%BD%D0%B0%D1%8F+%D0%B4%D1%8B%D1%80%D0%B0) > operation timed out'))
2026-09-02 23:24:06,788 - INFO - response: https://www.google.com/wml/search?q=%D1%87%D1%82%D0%BE+%D1%82%D0%B0%D0%BA%D0%BE%D0%B5+%D1%87%D1%91%D1%80%D0%BD%D0%B0%D1%8F+%D0%B4%D1%8B%D1%80%D0%B0&sca_esv=1&filter=1&start=0&hl=en-US&lr=lang_en&cr=countryUS 200
2026-09-02 23:24:07,606 - INFO - response: https://search.brave.com/search?q=%D1%87%D1%82%D0%BE+%D1%82%D0%B0%D0%BA%D0%BE%D0%B5+%D1%87%D1%91%D1%80%D0%BD%D0%B0%D1%8F+%D0%B4%D1%8B%D1%80%D0%B0&source=web 200
2026-09-02 23:27:58,177 - INFO - ✅ ФАКТ: имя = дыра
2026-09-02 23:27:58,269 - INFO - ✅ КЕШ: сохранён ответ для 'что такое чёрная дыра...'
2026-09-02 23:27:58,367 - INFO - 📊 Статистика: Всего запросов: 21, Сегодня: 2
2026-09-02 23:27:58,367 - INFO - ✅ ОТВЕТ: Вы спрашиваете о атоме и чёрной дыре. Давайте разберёмся по порядку.

### Атом

Атом — это наименьша...
2026-09-02 23:30:05,320 - INFO - 🔄 Завершение работы...
2026-09-02 23:30:05,423 - INFO - До свидания! 👋
2026-09-02 23:32:22,269 - INFO - Zeta v4.0 (26 августа 2026)
2026-09-02 23:32:22,394 - INFO - База данных инициализирована
2026-09-02 23:32:22,394 - INFO - 🔌 Проверка Ollama...
2026-09-02 23:32:24,431 - INFO - Ollama уже запущена
2026-09-02 23:32:29,376 - INFO - ✅ Кеш инициализирован
2026-09-02 23:34:17,511 - INFO - 📩 ЗАПРОС: расскажи про чёрную дыру... (режим: default)
2026-09-02 23:34:19,625 - INFO - 💬 ОБЫЧНЫЙ ВОПРОС → ОТВЕЧАЮ В ЧАТЕ
2026-09-02 23:40:49,737 - INFO - ✅ ФАКТ (общее): расскажи про чёрную дыру...
2026-09-02 23:40:49,820 - INFO - ✅ КЕШ: сохранён ответ для 'расскажи про чёрную дыру...'
2026-09-02 23:40:49,909 - INFO - 📊 Статистика: Всего запросов: 22, Сегодня: 3
2026-09-02 23:40:49,910 - INFO - ✅ ОТВЕТ: Чёрная дыра - это точка в пространстве, где гравитационные силы так сильны, что ничего, даже свет, н...
2026-09-02 23:42:48,160 - INFO - 🔄 Завершение работы...
2026-09-02 23:42:48,249 - INFO - До свидания! 👋
2026-09-03 00:04:37,851 - INFO - Zeta v4.0 (26 августа 2026)
2026-09-03 00:04:38,002 - INFO - База данных инициализирована
2026-09-03 00:04:38,005 - INFO - 🔌 Проверка Ollama...
2026-09-03 00:04:40,032 - INFO - Ollama уже запущена
2026-09-03 00:04:45,223 - INFO - ✅ Кеш инициализирован
2026-09-03 00:14:23,462 - INFO - 📩 ЗАПРОС: кто ты... (режим: default)
2026-09-03 00:14:25,560 - INFO - 💬 ОБЫЧНЫЙ ВОПРОС → ОТВЕЧАЮ В ЧАТЕ
2026-09-03 00:15:07,979 - ERROR - ⚠️ Ollama упала! Попробуйте перезапустить Zeta.
2026-09-03 00:16:41,968 - INFO - ✅ КЕШ: сохранён ответ для 'кто ты...'
2026-09-03 00:16:42,082 - INFO - 📊 Статистика: Всего запросов: 23, Сегодня: 4
2026-09-03 00:16:42,082 - INFO - ✅ ОТВЕТ: Вы обращаетесь к Zeta Universal, искусственному интеллекту, созданным Samriddin. Я не человек, а про...
2026-09-03 00:17:46,023 - INFO - 🔄 Завершение работы...
2026-09-03 00:17:46,094 - INFO - До свидания! 👋
